word,word count
the,4031
and,2211
of,1845
to,1741
he,1695
a,1561
was,1169
his,1154
in,1044
had,812
her,789
i,772
said,755
she,710
that,699
it,643
mr,576
s,565
for,497
at,493
him,486
with,481
on,452
you,451
as,369
but,344
not,286
they,278
were,272
when,265
all,257
be,246
would,244
from,235
man,232
out,230
by,216
up,214
n't,213
little,209
one,208
what,200
we,193
which,193
there,191
is,189
an,184
then,180
me,177
my,176
have,175
so,171
them,167
no,165
gabriel,157
did,152
could,151
or,151
who,149
their,146
into,145
been,144
old,144
do,143
down,136
if,136
some,136
very,132
like,130
now,129
about,128
asked,127
aunt,127
this,124
mrs,117
two,116
after,114
again,114
time,114
well,113
went,113
young,111
know,110
face,109
over,108
good,102
came,101
before,100
began,100
miss,99
eyes,96
go,95
o,93
back,92
head,90
made,90
room,86
street,84
see,82
life,79
stood,79
how,78
come,77
himself,76
house,76
ll,76
too,76
kate,75
us,75
night,74
right,74
where,74
kernan,73
say,73
while,73
other,72
men,71
never,70
voice,70
only,69
seemed,69
hand,68
think,68
are,66
few,65
great,65
looked,64
mary,64
first,63
here,63
took,63
upon,63
table,62
get,61
long,61
something,61
still,61
way,60
towards,59
cunningham,58
felt,58
our,58
any,57
every,57
knew,57
door,56
father,56
gallaher,56
kearney,56
nothing,56
power,56
thought,56
yes,56
heard,55
home,54
julia,54
tell,54
through,54
told,54
always,53
away,53
henchy,53
jane,53
more,53
put,53
round,53
used,53
corley,52
m,52
turned,52
off,51
sat,51
your,51
along,50
light,50
such,50
friends,49
hands,49
money,49
saw,49
these,49
browne,48
just,48
own,48
much,47
must,47
people,47
together,47
why,47
boy,46
going,46
dark,45
day,45
o'connor,45
once,45
take,45
three,45
woman,45
because,44
course,44
end,44
evening,44
last,44
under,44
walked,44
another,43
brought,43
fire,43
let,43
many,43
chandler,42
its,42
left,42
maria,42
mind,42
called,41
make,41
against,40
air,40
poor,40
re,40
wife,40
dublin,39
friend,39
got,39
holohan,39
look,39
malins,39
moment,39
mother,39
passed,39
d,38
gone,38
hat,38
ignatius,38
saying,38
will,38
found,37
name,37
slowly,37
sure,37
children,36
daughter,36
joe,36
might,36
office,36
white,36
ever,35
god,35
hall,35
than,35
years,35
freddy,34
girl,34
part,34
window,34
world,34
better,33
even,33
has,33
heart,33
lay,33
seen,33
spoke,33
can,32
corner,32
glass,32
ladies,32
m'coy,32
morning,32
perhaps,32
those,32
without,32
behind,31
cold,31
fellow,31
gave,31
gentlemen,31
laughed,31
lenehan,31
music,31
side,31
small,31
answered,30
between,30
body,30
hear,30
thing,30
tried,30
being,29
city,29
each,29
four,29
full,29
often,29
alleyne,28
also,28
business,28
done,28
everyone,28
give,28
looking,28
nice,28
standing,28
words,28
black,27
boys,27
find,27
held,27
open,27
opened,27
quickly,27
silence,27
beside,26
continued,26
d'arcy,26
herself,26
ivors,26
jimmy,26
near,26
ran,26
school,26
should,26
sir,26
stairs,26
anything,25
big,25
farrington,25
husband,25
minutes,25
mouth,25
others,25
silent,25
until,25
bad,24
child,24
coming,24
enough,24
fine,24
glanced,24
gretta,24
hynes,24
same,24
set,24
shook,24
shop,24
wo,24
word,24
work,24
across,23
brown,23
feel,23
followed,23
hair,23
irish,23
mahony,23
may,23
met,23
nearly,23
piano,23
play,23
quite,23
talk,23
wanted,23
ask,22
church,22
country,22
dead,22
girls,22
keep,22
lady,22
late,22
leave,22
live,22
mean,22
new,22
read,22
really,22
road,22
talking,22
things,22
though,22
bed,21
bottle,21
car,21
caught,21
company,21
drank,21
far,21
gentleman,21
jack,21
large,21
noise,21
person,21
sent,21
short,21
soon,21
stout,21
times,21
wore,21
year,21
yet,21
certain,20
cried,20
fell,20
good-night,20
grey,20
having,20
kept,20
laughing,20
taken,20
turn,20
walking,20
want,20
answer,19
arm,19
arms,19
bottles,19
closed,19
does,19
dress,19
drink,19
hour,19
point,19
red,19
remember,19
sitting,19
smiling,19
sometimes,19
soul,19
ve,19
above,18
ah,18
best,18
blue,18
call,18
case,18
concert,18
crofton,18
crowd,18
feet,18
five,18
floor,18
front,18
hard,18
high,18
laughter,18
love,18
moments,18
played,18
remembered,18
snow,18
speak,18
till,18
tom,18
waited,18
waiting,18
watched,18
whether,18
wished,18
women,18
am,17
bit,17
both,17
bring,17
chair,17
conroy,17
days,17
figure,17
glasses,17
green,17
hot,17
mooney,17
most,17
moustache,17
returned,17
seeing,17
sight,17
stopped,17
tone,17
warm,17
bar,16
beautiful,16
clerk,16
conversation,16
desk,16
falling,16
filled,16
fitzpatrick,16
fogarty,16
half,16
kathleen,16
meet,16
order,16
paper,16
party,16
polly,16
pope,16
priest,16
sister,16
smiled,16
suddenly,16
tenor,16
tram,16
twice,16
whose,16
age,15
bartell,15
believe,15
books,15
cab,15
chap,15
death,15
dinner,15
expression,15
gaze,15
grew,15
houses,15
lily,15
listening,15
lit,15
lived,15
london,15
matter,15
nor,15
nose,15
piece,15
question,15
repeated,15
says,15
second,15
serious,15
sing,15
smile,15
surprised,15
ten,15
tonight,15
walk,15
wish,15
almost,14
alone,14
amid,14
become,14
beginning,14
damn,14
deal,14
died,14
field,14
however,14
leaned,14
lips,14
listened,14
memory,14
morkan,14
myself,14
next,14
nodded,14
paid,14
pause,14
playing,14
rather,14
reached,14
river,14
sang,14
shoulders,14
since,14
singing,14
speech,14
stand,14
streets,14
suppose,14
wall,14
whisky,14
ca,13
contract,13
copy,13
counter,13
dillon,13
during,13
eight,13
eliza,13
else,13
entered,13
everything,13
game,13
hope,13
itself,13
kind,13
least,13
lyons,13
manner,13
neither,13
papers,13
paris,13
past,13
pushed,13
ready,13
remained,13
run,13
segouin,13
shadow,13
sit,13
song,13
square,13
steps,13
story,13
thoughts,13
tired,13
tongue,13
true,13
understand,13
villona,13
whenever,13
accent,12
added,12
afraid,12
allowed,12
among,12
artistes,12
blood,12
bridge,12
burke,12
catch,12
chief,12
close,12
college,12
colour,12
confused,12
constable,12
cotter,12
darkness,12
decent,12
drawing-room,12
dressed,12
ear,12
fallen,12
fat,12
getting,12
humour,12
idea,12
job,12
known,12
lamp,12
led,12
leo,12
listen,12
living,12
opinion,12
outside,12
overcoat,12
pale,12
place,12
pocket,12
quay,12
raised,12
seem,12
son,12
speaking,12
strange,12
sunday,12
taking,12
tea,12
trying,12
wait,12
weathers,12
week,12
wondered,12
accident,11
ago,11
arranged,11
became,11
buy,11
cap,11
committee,11
concerts,11
donnelly,11
fact,11
fear,11
fingers,11
foot,11
frank,11
gazed,11
giving,11
healy,11
honour,11
johnny,11
king,11
laid,11
lightly,11
longed,11
manager,11
married,11
nature,11
o'clock,11
pass,11
porter,11
present,11
running,11
soft,11
sorry,11
sound,11
summer,11
supper,11
thanks,11
themselves,11
thick,11
throat,11
touch,11
train,11
wild,11
write,11
written,11
yourself,11
affair,10
anyone,10
bank,10
besides,10
bought,10
bright,10
candle,10
carried,10
chapel,10
collar,10
cry,10
drew,10
eat,10
ended,10
express,10
eye,10
fair,10
forget,10
general,10
glad,10
grown,10
halted,10
hardly,10
help,10
hill,10
horse,10
john,10
longer,10
lower,10
making,10
minute,10
moved,10
neck,10
nobody,10
notes,10
pantry,10
paused,10
please,10
reason,10
row,10
saturday,10
slightly,10
softly,10
someone,10
struck,10
talked,10
tall,10
turning,10
uncle,10
within,10
wrong,10
wrote,10
address,9
agreed,9
bazaar,9
begun,9
bell,9
boldly,9
book,9
breath,9
broke,9
broken,9
cards,9
charge,9
cigarette,9
clock,9
conscious,9
cross,9
deep,9
downstairs,9
dressing-room,9
dull,9
explained,9
faces,9
fall,9
family,9
feeling,9
finished,9
fond,9
forward,9
given,9
ground,9
heavy,9
kitchen,9
knees,9
less,9
liked,9
lord,9
mistake,9
note,9
ones,9
ourselves,9
pay,9
photograph,9
plate,9
plates,9
pleasant,9
pleasure,9
properly,9
quiet,9
quietly,9
rain,9
received,9
seconds,9
show,9
showed,9
skirt,9
society,9
somewhat,9
spent,9
station,9
strong,9
subject,9
thank,9
thin,9
thinking,9
trouble,9
understood,9
upper,9
visit,9
west,9
yellow,9
baritone,8
bass,8
begin,8
break,8
brother,8
candles,8
changed,8
clapping,8
clothes,8
companion,8
covered,8
daly,8
dear,8
desire,8
dish,8
distance,8
doors,8
doorway,8
drove,8
duffy,8
ears,8
escaped,8
except,8
fellows,8
fist,8
free,8
french,8
gathered,8
goes,8
goloshes,8
grace,8
habit,8
happy,8
helped,8
hoped,8
hospitality,8
hotel,8
hours,8
ireland,8
james,8
leaning,8
loudly,8
low,8
madam,8
mass,8
melancholy,8
nervously,8
o'halloran,8
o'madden,8
pa,8
pair,8
passing,8
phrase,8
pity,8
placed,8
plain,8
platform,8
pupils,8
ring,8
shouted,8
silver,8
sinico,8
six,8
smoke,8
spite,8
staircase,8
stick,8
stories,8
task,8
tears,8
teeth,8
telling,8
tommy,8
touched,8
upstairs,8
use,8
waltz,8
wandered,8
water,8
welcome,8
whom,8
youth,8
already,7
anger,7
appeared,7
audience,7
aunts,7
bag,7
banisters,7
beyond,7
bowed,7
brows,7
care,7
cashier,7
catholic,7
ceased,7
cheeks,7
christmas,7
circle,7
clear,7
cleared,7
coat,7
convent,7
cover,7
crossed,7
cut,7
delacour,7
different,7
distant,7
doing,7
doubt,7
drawn,7
drinking,7
drunk,7
edge,7
empty,7
everybody,7
excited,7
excitement,7
farley,7
features,7
finally,7
finish,7
firmly,7
forehead,7
freeman,7
friendly,7
garden,7
gas,7
german,7
ginger,7
goose,7
grand,7
handed,7
happened,7
happiness,7
holding,7
huge,7
indeed,7
influence,7
injured,7
invited,7
later,7
lead,7
leaving,7
leonard,7
letter,7
lifted,7
lines,7
lying,7
mantelpiece,7
michael,7
middle,7
mirror,7
moist,7
named,7
none,7
notice,7
noticed,7
obliged,7
park,7
pointed,7
position,7
pretty,7
proud,7
pudding,7
punch,7
railings,7
reading,7
religion,7
rested,7
sake,7
secret,7
simply,7
spirit,7
splendid,7
stared,7
staring,7
step,7
stuff,7
style,7
sudden,7
takes,7
therefore,7
thrown,7
tip,7
toast,7
top,7
try,7
useless,7
watching,7
whole,7
writing,7
able,6
account,6
adventure,6
afterwards,6
alive,6
allow,6
alphy,6
american,6
angry,6
annie,6
anyway,6
applause,6
arranging,6
aside,6
asking,6
ate,6
awkward,6
beer,6
below,6
bent,6
blind,6
butler,6
cabbage,6
cabman,6
calling,6
cases,6
cheek,6
coloured,6
comes,6
cool,6
corkscrew,6
curate,6
curious,6
deceased,6
devil,6
die,6
difficulty,6
drive,6
duties,6
earnestly,6
earth,6
ease,6
eating,6
ends,6
enthusiasm,6
escape,6
evidently,6
expressed,6
failure,6
faith,6
final,6
fixed,6
following,6
forgotten,6
fro,6
gallery,6
galway,6
gazing,6
generation,6
george,6
gravely,6
guests,6
hall-door,6
hearers,6
heels,6
higgins,6
hold,6
human,6
hung,6
ill,6
image,6
intention,6
iron,6
joy,6
knock,6
knows,6
lamps,6
land,6
landing,6
laugh,6
letters,6
lighted,6
line,6
lively,6
manners,6
martin,6
meant,6
meeting,6
melody,6
memories,6
minds,6
musical,6
names,6
nannie,6
nationalist,6
north,6
o'callaghan,6
observed,6
odour,6
offer,6
opera,6
ordered,6
pace,6
page,6
pain,6
pat,6
path,6
paying,6
places,6
poems,6
pointing,6
pound,6
pressed,6
private,6
proceeded,6
public-house,6
pulled,6
purpose,6
quarter,6
questions,6
railway,6
rapidly,6
recognised,6
religious,6
respect,6
rest,6
review,6
riviere,6
rooms,6
rose,6
save,6
served,6
settled,6
shillings,6
shining,6
shoes,6
sign,6
silk,6
sixpence,6
stamping,6
stay,6
straight,6
suit,6
swiftly,6
terms,6
terrible,6
third,6
tie,6
tightly,6
trembling,6
troubled,6
truth,6
twenty,6
upwards,6
view,6
warmly,6
wet,6
windows,6
wine,6
works,6
younger,6
abruptly,5
accompanist,5
advice,5
alluding,5
annoyed,5
appearance,5
approached,5
arrived,5
artiste,5
assumed,5
attention,5
attitude,5
bade,5
barman,5
beat,5
bedroom,5
believed,5
benches,5
beneath,5
bernard,5
blouse,5
bob,5
boots,5
bore,5
bosom,5
box,5
breast,5
burst,5
capital,5
captain,5
careful,5
carriage,5
cars,5
carve,5
cast,5
character,5
chin,5
christ,5
clever,5
coffin,5
coldly,5
companions,5
confess,5
continent,5
cook,5
counted,5
crossing,5
crying,5
decided,5
delicate,5
details,5
directed,5
direction,5
dirty,5
disappointed,5
doran,5
double,5
drinks,5
easy,5
eaten,5
educated,5
eh,5
either,5
elbows,5
engine,5
english,5
enjoy,5
eve,5
exactly,5
example,5
exclaimed,5
eyebrows,5
fanning,5
finger,5
flight,5
flung,5
flynn,5
food,5
fool,5
foolish,5
friday,5
furey,5
furlong,5
furniture,5
gaily,5
glancing,5
gold,5
gradually,5
grafton,5
greatly,5
happen,5
harford,5
harry,5
health,5
hearing,5
heartily,5
hers,5
history,5
honest,5
hungarian,5
hurried,5
idle,5
imagination,5
instant,5
instead,5
instinct,5
interval,5
invalid,5
jesuits,5
join,5
journey,5
jumped,5
keon,5
kindly,5
kissed,5
knelt,5
lass,5
leaf,5
learned,5
lemonade,5
lest,5
level,5
lonely,5
lost,5
lovely,5
makes,5
mamma,5
mansion,5
match,5
meaning,5
mentioned,5
mill,5
month,5
mood,5
moreover,5
murmur,5
murmured,5
mystery,5
neighbours,5
nervous,5
next-door,5
nights,5
opposite,5
orders,5
pages,5
paragraph,5
parlour,5
parnell,5
partner,5
passion,5
penny,5
picture,5
pious,5
pockets,5
port,5
pride,5
printed,5
promptly,5
pull,5
pulling,5
purdon,5
purse,5
quick,5
ragged,5
real,5
remain,5
remark,5
reparation,5
reported,5
retort,5
retreat,5
royal,5
safe,5
saluted,5
scene,5
seat,5
secretary,5
seized,5
send,5
sending,5
sensation,5
sense,5
shade,5
shaking,5
shall,5
shame,5
sharp,5
shelves,5
sherry,5
sideboard,5
sideways,5
sighed,5
skin,5
sky,5
slope,5
sober,5
sons,5
special,5
spiritual,5
spoken,5
stewards,5
strove,5
suggested,5
sum,5
swaying,5
sweets,5
swift,5
sympathy,5
tapped,5
taught,5
tender,5
theatre,5
thursday,5
tierney,5
tiptoe,5
today,5
tomorrow,5
treated,5
trembled,5
trial,5
tricky,5
umbrella,5
usually,5
vague,5
verse,5
vulgar,5
waist,5
waistcoat,5
wandering,5
wants,5
ward,5
waterproof,5
weather,5
whatever,5
whipped,5
wide,5
won,5
working-man,5
worse,5
accounts,4
admit,4
agent,4
agitation,4
alarmed,4
allusion,4
antient,4
anyhow,4
anywhere,4
appealed,4
appear,4
apple,4
arguing,4
around,4
ashamed,4
asleep,4
aughrim,4
avenue,4
aware,4
awfully,4
ay,4
basket,4
beard,4
beirne,4
belfast,4
biscuits,4
blame,4
blast,4
bloody,4
blowing,4
blush,4
boarding,4
boat,4
bodley,4
breakfast,4
brilliant,4
briton,4
bronze,4
brothers,4
brushed,4
built,4
bulk,4
buried,4
butcher,4
buttons,4
cakes,4
calm,4
canal,4
card,4
cardboard,4
carefully,4
caretaker,4
carrying,4
castle,4
casual,4
cat,4
catching,4
celery,4
centre,4
chairs,4
chalice,4
change,4
changing,4
chapelizod,4
cheerfully,4
cigar,4
cinders,4
circumstances,4
clerks,4
cloak,4
closely,4
clouds,4
collected,4
comfort,4
compliment,4
conduct,4
control,4
correspondence,4
couples,4
courage,4
courses,4
dance,4
dancing,4
danger,4
decanter,4
dignity,4
disorder,4
divided,4
doctor,4
doorstep,4
dozen,4
driver,4
early,4
education,4
england,4
enter,4
entertaining,4
ernest,4
examined,4
excuse,4
existence,4
expect,4
expense,4
extended,4
faded,4
failed,4
failing,4
faint,4
faintly,4
farther,4
fashion,4
fault,4
fiercely,4
fifteen,4
figures,4
flat,4
flew,4
follow,4
forced,4
foreign,4
form,4
former,4
fragrance,4
france,4
frowning,4
further,4
future,4
gay,4
gesture,4
gift,4
grass,4
growing,4
guineas,4
hallo,4
ham,4
handkerchief,4
harm,4
hastily,4
hearts,4
heavily,4
hell,4
hesitated,4
hid,4
hogan,4
hungry,4
hurry,4
ideas,4
imagined,4
impossible,4
impression,4
incident,4
interest,4
interested,4
invitation,4
jesuit,4
joke,4
judge,4
kingstown,4
labour,4
lamplight,4
lane,4
language,4
latin,4
leg,4
length,4
lighting,4
lights,4
lip,4
loose,4
loud,4
lux,4
mac,4
marriage,4
marry,4
master,4
mat,4
mayor,4
means,4
merrion,4
merry,4
modern,4
monks,4
monologue,4
moral,4
moving,4
narrative,4
neat,4
nephew,4
nine,4
nineteen,4
nuts,4
o'rourke,4
occasion,4
older,4
opening,4
original,4
parcel,4
parker,4
peas,4
personal,4
phrases,4
pieces,4
plumcake,4
poetry,4
police,4
possession,4
possible,4
presence,4
press,4
proper,4
proposed,4
pulpit,4
putting,4
puzzled,4
quays,4
rattling,4
receive,4
reflected,4
regretfully,4
regularly,4
remembering,4
reputation,4
resented,4
respected,4
respectfully,4
return,4
returning,4
rich,4
romantic,4
roof,4
rough,4
routh,4
rub,4
rush,4
sad,4
sailor,4
screwed,4
secure,4
seems,4
sentence,4
settle,4
seven,4
sh,4
shaft,4
shelley,4
shone,4
shortly,4
shot,4
shoulder,4
sick,4
signs,4
sin,4
singer,4
sleeve,4
slip,4
smart,4
smoothing,4
snuff,4
snug,4
social,4
solemn,4
solid,4
somewhere,4
sort,4
sounded,4
spirits,4
spring,4
stage,4
start,4
started,4
stated,4
statue,4
steaming,4
stern,4
stone,4
strike,4
stroke,4
strongly,4
sunset,4
surprise,4
swinging,4
tale,4
tasted,4
text,4
thickly,4
thirty,4
thomas,4
threw,4
throw,4
tongues,4
tradition,4
treat,4
trees,4
trinity,4
understanding,4
university,4
urged,4
usual,4
uttered,4
vaguely,4
vast,4
visiting,4
voices,4
walls,4
wash,4
wear,4
weary,4
weeks,4
westmoreland,4
wind,4
winter,4
worked,4
wouldn't,4
abroad,3
academy,3
accepted,3
according,3
acting,3
admired,3
advance,3
advantage,3
adventures,3
affection,3
aid,3
ale,3
altar,3
altogether,3
amiably,3
amused,3
announced,3
answering,3
answers,3
anxious,3
apart,3
applauded,3
apples,3
area,3
arm-chair,3
arose,3
assent,3
astonished,3
attached,3
attacked,3
attended,3
attentive,3
awoke,3
ayres,3
baggot,3
balanced,3
bare,3
becoming,3
beef,3
bench,3
bidding,3
bill,3
bills,3
biscuit,3
bitter,3
blushing,3
board,3
bohemian,3
boose,3
borne,3
bravely,3
bridal,3
brief,3
bringing,3
broad,3
brow,3
browning,3
buenos,3
building,3
burned,3
bye,3
c,3
cabin,3
cambridge,3
candlesticks,3
canvasser,3
capel,3
cardinal,3
carry,3
catapult,3
cathedra,3
cause,3
cautiously,3
chain,3
changes,3
check,3
chill,3
choir,3
chorus,3
christian,3
circulated,3
class,3
clatter,3
clients,3
closing,3
cloth,3
coal,3
colgan,3
comic,3
commission,3
common,3
complexion,3
congregation,3
consented,3
considered,3
constant,3
containing,3
content,3
contralto,3
copied,3
cork,3
corless,3
coroner,3
cost,3
cousins,3
crammed,3
crest,3
crosbie,3
crowds,3
crown,3
cuffs,3
culture,3
curates,3
curled,3
cursed,3
curtain,3
curtains,3
curtly,3
cycling-suit,3
dame,3
damp,3
dan,3
decline,3
delight,3
delighted,3
denied,3
determined,3
dicky,3
difference,3
difficult,3
disappointment,3
disclosed,3
discreet,3
discussion,3
distillery,3
dowling,3
downes,3
draught,3
drawing,3
dresses,3
drop,3
drops,3
drunkard,3
dry,3
dubiously,3
duggan,3
dummy,3
dust,3
dusty,3
eagerly,3
echoed,3
edward,3
effect,3
elbow,3
emotion,3
emphatically,3
encouragement,3
engaged,3
englishman,3
erect,3
evenings,3
evidence,3
ex,3
exchange,3
excitedly,3
experience,3
fail,3
fairly,3
familiar,3
familiarly,3
fare,3
farewell,3
fast,3
favour,3
feared,3
fearing,3
feeble,3
fewer,3
fighting,3
finding,3
firm,3
fit,3
fixedly,3
fleet,3
flicked,3
flowers,3
flushed,3
footpath,3
forgot,3
fork,3
forks,3
formed,3
forth,3
frail,3
frame,3
frankly,3
fresh,3
fright,3
fur,3
furnace,3
gaiety,3
gained,3
gallantly,3
games,3
gardens,3
gate,3
gather,3
gaunt,3
generous,3
gently,3
genuine,3
glasgow,3
glimpse,3
gloom,3
gloomy,3
glowed,3
glynn,3
golden,3
goodness,3
graceful,3
graces,3
grandmother,3
grate,3
greater,3
grimes,3
group,3
groups,3
guard,3
guest,3
hail,3
halfpenny,3
hallow,3
hallstand,3
handle,3
handsome,3
hanging,3
heads,3
helpless,3
hendrick,3
hm,3
hob,3
holy,3
hospitable,3
hospital,3
host,3
humanity,3
ignorant,3
illumined,3
immense,3
immoral,3
indian,3
indignant,3
indistinct,3
infallibility,3
inner,3
intended,3
intercourse,3
intervals,3
intervened,3
interview,3
introduced,3
irritated,3
isle,3
italian,3
item,3
items,3
ivy,3
jesus,3
joking,3
jolly,3
keen,3
keenly,3
keeping,3
knives,3
knocked,3
labourers,3
lack,3
lad,3
latest,3
law,3
leading,3
learn,3
lend,3
lent,3
lie,3
likely,3
lives,3
looks,3
lose,3
loss,3
lot,3
lots,3
lover,3
lytton,3
machale,3
machine,3
main,3
matron,3
matters,3
measure,3
meat,3
member,3
members,3
mercy,3
merely,3
misses,3
mixed,3
modest,3
molly,3
motor,3
motto,3
move,3
movement,3
murmuring,3
music-hall,3
national,3
natural,3
necessary,3
need,3
nerves,3
newspapers,3
nod,3
nodding,3
noiselessly,3
nosey,3
nostrils,3
o'connell,3
o'neill,3
observing,3
odd,3
oh,3
old-fashioned,3
orange,3
ordinary,3
ought,3
oval,3
paddy,3
pallor,3
palm,3
panels,3
parade,3
partly,3
patches,3
peered,3
peering,3
perfume,3
pick,3
pigeon,3
pile,3
pillar,3
pillows,3
pipe,3
placing,3
plainly,3
pleasantly,3
pleased,3
plot,3
poet,3
points,3
pok,3
polish,3
polite,3
post,3
pounds,3
praised,3
prayer-book,3
preacher,3
prelude,3
presented,3
pretended,3
priesthood,3
probably,3
produced,3
prolonged,3
promise,3
protest,3
protestants,3
public,3
purple,3
qualities,3
quarters,3
queen,3
queer,3
quotation,3
rage,3
rainy,3
reach,3
recall,3
recite,3
refreshment,3
regarding,3
regret,3
relieved,3
remind,3
reminded,3
remote,3
repeating,3
resigned,3
result,3
revery,3
revolted,3
rhythm,3
ridiculous,3
rise,3
risen,3
roadway,3
rolled,3
roman,3
ruffian,3
rule,3
rum,3
runs,3
sacred,3
sadly,3
satisfaction,3
satisfied,3
scarcely,3
scott,3
screen,3
sea,3
search,3
seated,3
secretaries,3
seize,3
sensible,3
sentences,3
seventeen,3
sha,3
shabby,3
shake,3
sheets,3
shelf,3
ships,3
shock,3
shops,3
shrill,3
shuffling,3
sides,3
simultaneously,3
sincere,3
singers,3
sipped,3
sleeping,3
sleeves,3
slept,3
slice,3
slices,3
slipped,3
sobbing,3
sombre,3
soprano,3
space,3
spared,3
spat,3
spectacle,3
spend,3
stall,3
stalls,3
stands,3
stephen,3
stir,3
stirabout,3
stock,3
stool,3
stop,3
stores,3
stoutly,3
strained,3
strangely,3
strength,3
striking,3
struggle,3
struggling,3
studied,3
study,3
stupid,3
substance,3
succeeded,3
success,3
suffused,3
sugar,3
sunny,3
supper-table,3
surveyed,3
suspect,3
suspected,3
sweet,3
sweetheart,3
sweethearts,3
swept,3
swung,3
syllables,3
tact,3
talent,3
tawny,3
teach,3
teddy,3
temperament,3
there's,3
thinks,3
thirsty,3
thoughtfully,3
tight,3
tinker,3
tiny,3
tiresome,3
tobacco,3
toddling,3
tossed,3
town,3
tree,3
tremble,3
trip,3
trousers,3
tuesday,3
turf,3
unconscious,3
uncovered,3
union,3
unique,3
unknown,3
vacant,3
value,3
veins,3
vigorously,3
violence,3
violent,3
visible,3
visitor,3
vote,3
votes,3
wailing,3
walks,3
walter,3
wander,3
warning,3
watch,3
waters,3
waved,3
waves,3
ways,3
wealth,3
wearily,3
wearing,3
web,3
wedding,3
wednesday,3
weight,3
westward,3
whip,3
whipping,3
whiskies,3
whispered,3
wholly,3
win,3
winding,3
wisha,3
wishing,3
witness,3
wonderful,3
wooden,3
working,3
workmen,3
worth,3
wrapped,3
yacht,3
yaka,3
ye,3
65,2
abrupt,2
absence,2
abstracted,2
accents,2
accompanied,2
accompaniments,2
accomplishments,2
accord,2
acknowledged,2
acquaintance,2
act,2
active,2
acts,2
ada,2
addressed,2
addressing,2
admire,2
admiring,2
admitted,2
advanced,2
advancing,2
advertisement,2
advertisements,2
advised,2
affairs,2
affectionate,2
agitated,2
alarm,2
alderman,2
alert,2
alluded,2
allusions,2
almonds,2
aloud,2
alternately,2
amiable,2
amuse,2
andre,2
angrily,2
anguish,2
animal,2
animatedly,2
anybody,2
apollinaris,2
apologise,2
apology,2
appeal,2
appointment,2
appreciated,2
approaching,2
approval,2
approved,2
araby,2
arc,2
arch,2
archbishops,2
aroma,2
arrayed,2
arriving,2
article,2
ascend,2
assistant,2
assuming,2
astonishing,2
astrakhan,2
attempt,2
attempting,2
attend,2
attentively,2
auditorium,2
autumn,2
awakened,2
award,2
bachelor,2
backwards,2
badly,2
balcony,2
ball,2
ballast,2
band,2
bandage,2
barmbracks,2
base,2
bath,2
battle,2
bear,2
beating,2
bed-rail,2
beef-tea,2
begged,2
behalf,2
belgium,2
belief,2
bells,2
belonged,2
belt,2
bending,2
benefit,2
bergin,2
biceps,2
biggest,2
billy,2
birds,2
birth,2
bishops,2
bitten,2
blancmange,2
blessed,2
blinking,2
blouses,2
blown,2
blunt,2
bluntly,2
blushed,2
boasted,2
bodies,2
bold,2
bond,2
border,2
bored,2
born,2
bother,2
bounding,2
bow,2
bowl,2
bowls,2
bows,2
brain,2
branches,2
brandy,2
brass,2
brave,2
bread,2
breathing,2
brim,2
broadly,2
brutal,2
build,2
bulged,2
bullied,2
bundles,2
burden,2
bustle,2
buttoned,2
buying,2
bygones,2
bystanders,2
byword,2
cabs,2
calmly,2
candid,2
candidate,2
cans,2
canvass,2
capitals,2
cardinals,2
career,2
careering,2
carelessly,2
caress,2
caressed,2
carman,2
caruso,2
carver,2
catechism,2
cavalier,2
celibate,2
celtic,2
cemetery,2
central,2
chains,2
chance,2
chandelier,2
chaps,2
charm,2
chased,2
chatting,2
cheekbones,2
cheer,2
cheerful,2
cheese,2
chewed,2
china,2
chocolate,2
chocolates,2
chops,2
chose,2
chosen,2
christmas-time,2
cigarettes,2
circled,2
citizen,2
clacking,2
claim,2
clambered,2
clanged,2
clapped,2
clasped,2
clasping,2
classes,2
clean,2
cleanshaven,2
cleaver,2
clergyman,2
climax,2
club,2
clumps,2
coats,2
coin,2
coins,2
colours,2
column,2
comical,2
commercial,2
commonplace,2
compared,2
complete,2
completely,2
conceal,2
conceived,2
concern,2
confession,2
confessional,2
confidence,2
confusion,2
conservative,2
conservatives,2
conservatory,2
consider,2
considering,2
console,2
constantine,2
constantly,2
contained,2
continually,2
continuing,2
converse,2
converted,2
cooked,2
corn-factor,2
corners,2
corpse,2
corridor,2
coughed,2
counsel,2
count,2
counting,2
courts,2
cowley,2
crape,2
credo,2
crept,2
cretonne,2
cries,2
critical,2
crow,2
crowded,2
crumbs,2
cup,2
curbstone,2
curiously,2
curve,2
curved,2
customers,2
cylinder,2
daily,2
damned,2
danced,2
dangled,2
dark-complexioned,2
darkened,2
darker,2
daughters,2
dawson,2
debated,2
decency,2
deck,2
declined,2
defeated,2
deftly,2
degraded,2
delay,2
delirium,2
deputy,2
derevaun,2
descended,2
descending,2
described,2
deserted,2
despair,2
devils,2
didn't,2
dined,2
dipped,2
directions,2
discover,2
discovered,2
discovery,2
discreetly,2
discussed,2
disillusioned,2
displayed,2
disreputable,2
distress,2
distribution,2
disturb,2
diverted,2
divine,2
dog,2
dogs,2
dome,2
domestic,2
donnybrook,2
doubled,2
doubtful,2
dragging,2
drapery,2
draw,2
dreadful,2
dream,2
dried,2
dripping,2
driven,2
driving,2
drumcondra,2
drunken,2
drying,2
duke,2
dusk,2
duty,2
eagle,2
easier,2
east,2
eastern,2
effort,2
egan,2
elaborate,2
elder,2
elderly,2
eldest,2
election,2
electric,2
elevenpence,2
em,2
emphasis,2
employed,2
employer,2
emptied,2
enclosed,2
encouraged,2
encouragingly,2
energy,2
enjoying,2
enraged,2
entangled,2
entire,2
entrance,2
entrusted,2
ery,2
escorted,2
escorting,2
especially,2
establishment,2
eveline,2
evenly,2
everyday,2
examining,2
excellent,2
exchanged,2
exercise,2
exist,2
expected,2
explain,2
expressing,2
expressively,2
extent,2
extravagant,2
extremely,2
eyed,2
factories,2
failings,2
false,2
fame,2
families,2
fan,2
fancy,2
farrington's,2
fathers,2
favourite,2
favourites,2
feast,2
feebly,2
ferryboat,2
fervent,2
fib,2
figs,2
fingered,2
fireplace,2
fishing,2
fix,2
flame,2
flavour,2
fleming,2
flickered,2
fling,2
flood,2
flush,2
fog,2
footsteps,2
forefathers,2
forgetting,2
forming,2
forwards,2
fought,2
fourth,2
fragrant,2
freely,2
frenchmen,2
friendliness,2
friendship,2
fringe,2
frock-coat,2
frowned,2
fully,2
fun,2
funk,2
furiously,2
furtively,2
fury,2
fussing,2
fussy,2
g.p,2
galloping,2
gardiner,2
garret,2
gasworks,2
gates,2
gatherings,2
generally,2
gentle,2
genuinely,2
gesticulating,2
gestures,2
gets,2
ghost,2
gilt,2
glances,2
glare,2
glared,2
glaring,2
glasnevin,2
gleaming,2
glory,2
glossy,2
glove,2
gloved,2
glow,2
good-bye,2
good-day,2
good-evening,2
gossip,2
grasp,2
grated,2
gratitude,2
grattan,2
grave,2
gravel,2
gray,2
greatest,2
grey-haired,2
greyish,2
grief,2
grinning,2
gripped,2
grizzled,2
grocer,2
groove,2
guess,2
h,2
habits,2
haggard,2
hairless,2
hairy,2
half-one,2
half-past,2
half-seven,2
halfpence,2
handing,2
happily,2
harder,2
harp,2
harpist,2
hats,2
hazel,2
headings,2
heated,2
hello,2
helping,2
henry,2
hide,2
higher,2
highly,2
hilarious,2
hips,2
ho,2
hoisted,2
holiday,2
honourable,2
hopes,2
horses,2
hostess,2
household,2
howth,2
huddled,2
hue,2
humble,2
hume,2
humiliated,2
humming,2
hush,2
hushed,2
hypereducated,2
illness,2
imitated,2
immorality,2
impalpable,2
impertinence,2
impertinent,2
imposing,2
impressed,2
impulse,2
inch,2
inclined,2
included,2
incurable,2
indifferent,2
industry,2
influences,2
injuries,2
ink,2
innocent,2
inns,2
inside,2
insisted,2
instinctively,2
institution,2
institutions,2
intellectual,2
intelligent,2
interpret,2
interpretation,2
interrupted,2
intervening,2
intimate,2
intricate,2
introducing,2
invade,2
invent,2
investment,2
ironically,2
irons,2
island,2
isn't,2
j,2
jacket,2
jam,2
jauntily,2
jelly,2
jest,2
jew,2
jewish,2
journal,2
jovial,2
judged,2
keeps,2
kelly,2
keogh,2
kernan's,2
kerrigan,2
key,2
kildare,2
kindling,2
kiss,2
knee,2
knitted,2
knockabout,2
knot,2
knowing,2
knowledge,2
knuckles,2
lace,2
ladylike,2
lain,2
lamp-post,2
lancers,2
landed,2
laneway,2
lapel,2
lately,2
latter,2
latterly,2
laughing-like,2
laundry,2
laying,2
leader,2
leather,2
leaves,2
lecture,2
leer,2
legend,2
legs,2
lennon,2
lessons,2
liberal,2
liffey,2
lifting,2
limping,2
lined,2
liquor,2
listeners,2
literally,2
literary,2
literature,2
loan,2
lock,2
lodgings,2
lofty,2
losing,2
lothario,2
louder,2
loved,2
loves,2
lowering,2
lowest,2
luck,2
lugubrious,2
lust,2
m'auley,2
ma'am,2
magical,2
magnetised,2
mail,2
mainly,2
male,2
malone,2
malt,2
mammon,2
managed,2
manhood,2
manly,2
marketing,2
marvel,2
massive,2
maybe,2
meade,2
meal,2
measures,2
mechanic,2
mechanically,2
medal,2
medical,2
meditatively,2
meetings,2
melleray,2
mellow,2
mental,2
mercer,2
mere,2
merriment,2
metaphor,2
midway,2
mild,2
milk,2
mimic,2
mimicry,2
mine,2
minerals,2
missed,2
missing,2
mist,2
monica,2
monkstown,2
monotonous,2
months,2
monument,2
moodily,2
moon,2
moore,2
morality,2
morsel,2
mortal,2
mothers,2
motion,2
mount,2
mounted,2
mournful,2
mourning,2
mug,2
mugs,2
mulligan,2
murky,2
murphy,2
muscle,2
music-stand,2
musty,2
muttered,2
muttering,2
nails,2
nape,2
napoleon,2
narrate,2
narrow,2
nearer,2
neighbour,2
new-comer,2
newly,2
news,2
newspaper,2
niece,2
nods,2
noises,2
noisy,2
noon,2
notices,2
notion,2
notions,2
november,2
number,2
nursed,2
nursing,2
o'hara,2
o'liged,2
objects,2
obliquely,2
occasionally,2
offered,2
offering,2
onward,2
opponent,2
opportunity,2
orangeman,2
oranges,2
ordeal,2
organ,2
or——,2
oughterard,2
outburst,2
outcast,2
outskirts,2
overmaster,2
owing,2
owner,2
paces,2
packet,2
packing,2
pained,2
painful,2
painter,2
paler,2
palms,2
paltry,2
pane,2
panting,2
parallel,2
paralysis,2
parcels,2
pardon,2
parents,2
parkgate,2
parkinson,2
paroxysm,2
parted,2
passage,2
passages,2
pasteboard,2
patrick,2
patriot,2
patriotic,2
patronising,2
patted,2
pausing,2
pawn-office,2
pawnbroker,2
pawned,2
peace,2
peaceful,2
peacefully,2
peal,2
pen,2
penny-a-week,2
pensively,2
perceived,2
perfectly,2
perfumed,2
perfumes,2
persons,2
pervades,2
petticoat,2
pictures,2
pierced,2
piercing,2
pigs,2
pinned,2
planted,2
pleaded,2
pledge,2
pluck,2
plump,2
poem,2
policeman,2
policemen,2
polished,2
politely,2
politeness,2
politics,2
popular,2
population,2
positively,2
postcards,2
pot,2
potatoes,2
poured,2
poverty,2
powdered,2
powers,2
praises,2
pray,2
prayed,2
prayers,2
preached,2
predecessor,2
prepared,2
presume,2
prevent,2
prevented,2
prisoner,2
privately,2
problem,2
produce,2
programme,2
prominent,2
promised,2
propped,2
proprietor,2
protestant,2
provincial,2
provisions,2
publicity,2
puff,2
puffed,2
puffing,2
puffy,2
pungent,2
pupil,2
pure,2
pursing,2
pursued,2
quadrilles,2
qualified,2
quarrelled,2
quarrelsome,2
quenched,2
quickened,2
quilt,2
quit,2
racing,2
railing,2
raising,2
raisins,2
rake,2
rakish,2
raspberry,2
rates,2
raw,2
realised,2
reared,2
reasonable,2
reasons,2
reassured,2
recalled,2
receding,2
recently,2
recitation,2
recognise,2
recollection,2
redly,2
reel,2
refined,2
reformed,2
refreshed,2
refreshment-room,2
refusal,2
regarded,2
region,2
regular,2
released,2
relief,2
reluctant,2
remove,2
renewed,2
repeatedly,2
replaced,2
replied,2
report,2
reporter,2
resentment,2
reserve,2
reserved,2
resident,2
resonant,2
resounding,2
respectable,2
respects,2
respond,2
restrain,2
resumed,2
resuming,2
retired,2
retreated,2
reunion,2
revealing,2
revolving,2
ribs,2
rightly,2
righto,2
rights,2
ringsend,2
riot,2
rival,2
roads,2
roll,2
rolling,2
romance,2
roofs,2
roughly,2
routine,2
rubbing,2
rude,2
rudely,2
rug,2
ruined,2
rutland,2
safely,2
sailors,2
sandymount,2
sashes,2
sauce,2
saucers,2
saved,2
scanty,2
scattered,2
school-boy,2
scotch,2
scraping,2
screaming,2
searched,2
seas,2
secretly,2
seldom,2
sell,2
senses,2
sensibly,2
sentenced,2
seraun,2
serge,2
sergeant,2
series,2
seriously,2
servant,2
service,2
services,2
setting,2
settling,2
seventy,2
severely,2
sexual,2
shades,2
shakespeare,2
shallow,2
share,2
shared,2
sheaf,2
sheet,2
shelbourne,2
shelter,2
shepherded,2
sheridan,2
sheriff,2
shilling,2
shirt,2
shoe,2
shoeboy,2
showing,2
shown,2
shrewdly,2
shrugged,2
shyness,2
sickening,2
siege,2
signalled,2
signed,2
similar,2
sins,2
sip,2
sisters,2
skerries,2
skirts,2
slatternly,2
slavey,2
sleep,2
sleepy,2
slender,2
slim,2
sloping,2
slow,2
slung,2
smallest,2
smoked,2
smoothed,2
smoothly,2
sobs,2
soldiers,2
solicitude,2
solitary,2
somebody,2
son-in-law,2
songs,2
sore,2
sought,2
spacious,2
spark,2
spasm,2
speaker,2
speaks,2
specially,2
speck,2
spectators,2
spell,2
spiced,2
spoon,2
spoons,2
spots,2
sprang,2
spread,2
squalid,2
squat,2
starch,2
stare,2
stars,2
state,2
stature,2
steered,2
stems,2
stiff,2
stomach,2
stones,2
straggling,2
strain,2
streaks,2
stress,2
stretched,2
strewn,2
stride,2
struggled,2
stupefied,2
stupidly,2
stylish,2
subdued,2
submit,2
suburbs,2
successful,2
suffered,2
sufficient,2
sun,2
sung,2
sup,2
superior,2
supper-room,2
suppers,2
surely,2
surgeons,2
surname,2
surplice,2
surrounded,2
sustained,2
swaddlers,2
swarthy,2
swing,2
swishing,2
sydney,2
symbol,2
system,2
t,2
tablecloth,2
talents,2
tallied,2
tart,2
tastes,2
temper,2
tempered,2
temptations,2
tempted,2
terrace,2
terror,2
terry,2
thankful,2
theatrical,2
theirs,2
theory,2
thinly,2
thirst,2
thought-tormented,2
throwing,2
thus,2
ticket,2
tied,2
timid,2
timidly,2
tin,2
tirade,2
tivoli,2
toes,2
topped,2
touching,2
tragic,2
transfer,2
traveller,2
traversed,2
tray,2
treble,2
tricks,2
triumph,2
truculent,2
trust,2
trustfulness,2
tuam,2
tumbled,2
tumblers,2
tune,2
twelve,2
twilight,2
twinkling,2
twopence,2
uch,2
ugly,2
umbrellas,2
unassuming,2
unaware,2
underfoot,2
undertone,2
undressing,2
unfortunate,2
unfortunately,2
united,2
unpleasant,2
unsettled,2
unsuccessfully,2
unusual,2
upright,2
upset,2
usha,2
utter,2
vacantly,2
vagrant,2
vases,2
veiled,2
version,2
vexation,2
victim,2
violently,2
vision,2
visions,2
vivid,2
volubly,2
volume,2
volumes,2
waken,2
waltzing,2
wane,2
washstand,2
waste,2
weakened,2
weigh,2
wellington,2
westland,2
wharf,2
whistle,2
whistling,2
wide-awake,2
wine-coloured,2
wine-glasses,2
winning,2
wiped,2
wiping,2
wires,2
wise,2
wiser,2
wits,2
wonder,2
wondering,2
work-girls,2
worshippers,2
wretched,2
y,2
yards,2
yelling,2
yesterday,2
youngsters,2
yourselves,2
57e,1
a.p,1
aback,1
abandoned,1
abbot,1
abhorred,1
abject,1
about—them,1
absent,1
absentmindedness,1
absolve,1
abstinent,1
abstract,1
abu,1
abundance,1
abuse,1
abused,1
accidents,1
acclamation,1
accommodation,1
accompaniment,1
accordance,1
accordingly,1
accountant,1
accurately,1
accused,1
accustomed,1
ached,1
achieved,1
aching,1
acquaintances,1
acquiescence,1
acres,1
acrobat,1
action,1
actively,1
actor,1
actuated,1
acute,1
acutely,1
adam,1
adapted,1
adding,1
address—london,1
adieus,1
admiringly,1
adoration,1
adorned,1
adroitness,1
adventureless,1
adverting,1
advise,1
advising—homely,1
affected,1
affections,1
affirmed,1
afforded,1
affront,1
aforesaid—and,1
afternoon,1
afterward,1
again—taking,1
aged,1
agencies,1
ages,1
agile,1
aging,1
agony,1
agree,1
agreeable,1
agreeably,1
aim,1
aimlessly,1
airing,1
airs,1
aisles,1
alacoque,1
alcove,1
alight,1
alighted,1
alike,1
allan,1
allen,1
alley,1
alleys,1
alls,1
almighty,1
almond,1
alms,1
also—a,1
altars,1
alter,1
amateur,1
ambulance,1
amen,1
america,1
amiability,1
amidst,1
amy,1
analogy,1
ancestral,1
ancient,1
and——,1
anew,1
angelical,1
angered,1
angle,1
animation,1
ankles,1
annihilate,1
anniversary,1
annoy,1
annoyance,1
annual,1
anointed,1
ant,1
anticipation,1
antique,1
anxiety,1
anxiously,1
apache,1
apolinaris,1
apologetic,1
apologised,1
apparently,1
appearing,1
applauding,1
apple-tree,1
applying,1
appointed,1
appreciable,1
appreciation,1
appreciative,1
apprehend,1
apprehensively,1
approach,1
appropriateness,1
approving,1
approvingly,1
arab,1
aramburo,1
aran,1
archly,1
ardently,1
ardour,1
areas,1
are—we,1
argumentatively,1
arise,1
armed,1
aromatic,1
aroused,1
arrangements,1
array,1
arrival,1
arrowroot,1
arteries,1
articles,1
arts,1
ascended,1
ascent,1
ashen-grey,1
ashpit,1
ashpits,1
asks,1
aspen,1
aspirated,1
assailed,1
assemble,1
assembly,1
assert,1
assisted,1
associated,1
association,1
assurance,1
assure,1
aston,1
astonishment,1
astounded,1
astuteness,1
asunder,1
atalantas,1
atkinson,1
atlantic,1
atmosphere,1
atom,1
attack,1
attacking,1
attempts,1
attendances,1
attracted,1
audible,1
auditors,1
august,1
aungier,1
author,1
authoritative,1
autobiographical,1
average,1
avoided,1
awarded,1
awful,1
awkwardly,1
b,1
bacon-fat,1
bacon-rind,1
badge,1
badges,1
baffled,1
baggages,1
bailiff's,1
bailiffs,1
balbrigan,1
balfe,1
ballad,1
ballooned,1
balls,1
ballsbridge,1
balustrade,1
banded,1
bang,1
banged,1
banish,1
banister-rail,1
banknotes,1
banshee,1
bantam,1
baptismal,1
bare-headed,1
barely,1
bargain,1
bargaining,1
barges,1
barmbrack,1
barometer,1
barracks,1
barrels,1
barren,1
barrier,1
bars,1
bathroom,1
battalion,1
batter,1
battered,1
battles,1
bawled,1
beady,1
beannacht,1
beans,1
beats,1
beauties,1
beautifully,1
beauty,1
beckon,1
beckoned,1
bedclothes,1
beds,1
bedstead,1
beeswax,1
beg,1
beggars,1
beginners,1
begins,1
begone,1
behaved,1
beheld,1
being—that,1
belfry,1
belgian,1
belie,1
beliefs,1
believer,1
bell's,1
belle,1
belong,1
bended,1
bequeathed,1
berlin,1
bessie,1
bet,1
betokened,1
betray,1
betrayed,1
betrayer,1
better-class,1
bevelled,1
bewildered,1
bewley,1
bicycle-pump,1
bid,1
bile,1
billiard,1
bird,1
birthday,1
biscuit-barrel,1
bite,1
bits,1
bitterly,1
bitterness,1
blackened,1
blackthorn,1
blackwhite,1
blade,1
blandly,1
blank,1
blankets,1
blankly,1
blathering,1
bleaching,1
bleak,1
blended,1
blew,1
blindfold,1
blindfolding,1
blinds,1
blinked,1
bliss,1
blocks,1
blond,1
bloody-minded,1
blooming,1
blotches,1
bluish,1
blush-pink,1
blushes,1
boa,1
boasting,1
bob—and,1
bodice,1
bodiless,1
bog,1
boilers,1
boldest,1
bona,1
bonaparte,1
bone,1
bones,1
bonnet,1
bony,1
bookcase,1
booked,1
booksellers,1
bookshelf,1
bookworm,1
boosing,1
boot,1
bootees,1
bootmaker,1
borders,1
borgia,1
borrowed,1
boss,1
bostooms,1
bottle-green,1
bottled,1
bottom,1
bounded,1
bouquet,1
bouts,1
bowing,1
bowler,1
bowsy,1
box-office,1
boyos,1
boy—a,1
bracelet,1
bracing,1
braided,1
brains,1
brandishing,1
braved,1
bravery,1
bravo,1
brazen,1
bread-pudding,1
break-up,1
breakfast-cup,1
breakfast-room,1
breakfast-time,1
breaking,1
breathed,1
breeches,1
breeze,1
breviary,1
brewers,1
brick,1
bricklayer,1
bridges,1
brightened,1
brimming,1
brings,1
brisk,1
briskly,1
bristled,1
britain,1
broader,1
bronchitic,1
brooch,1
brood,1
brooded,1
brown-clad,1
brunt,1
brush,1
buck,1
buckingham,1
buckle,1
buckled,1
buff,1
buffer,1
bulb,1
bull,1
bulldog,1
bumper,1
bumpkins,1
bumptious——,1
bunch,1
bunches,1
bundled,1
buns,1
bunser,1
burly,1
burning,1
burns,1
bursting,1
bushes,1
bushy,1
businesslike,1
bustling,1
busy,1
butter,1
buttonholed,1
buttoning,1
buyers,1
by-street,1
byrne,1
byron,1
bystander,1
cadence,1
cadet,1
cafe,1
cafes,1
cake,1
cake-shop,1
cakeshop,1
calculate,1
callan,1
calmed,1
calmer,1
calve,1
camaraderie,1
camp,1
campanini,1
campbell,1
canada,1
canadian,1
candidly,1
candle-lamps,1
candlelight,1
candlestick,1
cane,1
canisters,1
canvas,1
canvases,1
capable,1
cape,1
capered,1
caps,1
capture,1
capturing,1
carat,1
caraway,1
card-party,1
careered,1
careers,1
cares,1
caresses,1
caressing,1
cargo,1
carpeted,1
carriages,1
carrier,1
cars—the,1
carts,1
carving,1
cases—what,1
cash,1
cassidy,1
caste,1
casually,1
catacombs,1
cater,1
cathedral,1
catholicism,1
cats,1
caused,1
causes,1
cautious,1
cavaliers,1
cavernous,1
cedarwood,1
ceiling,1
celebrated,1
centuries,1
century,1
ceoil,1
ceremonies,1
certainly,1
chafed,1
chaffed,1
challenge,1
chances,1
channel,1
chantant,1
chanting,1
chaplain,1
charges,1
charitable,1
charity,1
charles,1
charlie,1
charmeuse,1
charming,1
chase,1
chastising,1
chat,1
cheaper,1
cheap—he,1
cheerfulness,1
cheering,1
cheerless,1
cheque,1
cherish,1
chest,1
cheval-glass,1
chieftain,1
childish,1
childishly,1
children—two,1
chilled,1
chilly,1
chivalry,1
choice,1
choirs,1
choked,1
choking,1
choose,1
choosing,1
chords,1
christmas-card,1
christmastime,1
christy,1
chronicles,1
chummy,1
churches,1
churchyard,1
cigar-case,1
cigarette-papers,1
cigars,1
cigars—o,1
cinder,1
circles,1
circling,1
circular,1
circus,1
cities,1
citizens,1
citizenship,1
civic,1
civil,1
civilisation,1
clamour,1
clancy,1
clap,1
clasps,1
classroom,1
clattered,1
clean-shaven,1
clearly,1
clenching,1
clicking,1
climate,1
climbing,1
clinch,1
clinked,1
clip,1
cloaks,1
closer,1
clothe,1
clothed,1
clothes-rack,1
clothing,1
clotted,1
cloud,1
clownish,1
clumsily,1
clumsy,1
clutched,1
coachman,1
coal-scuttle,1
coals,1
coarse,1
cock-eye—you,1
cocks,1
cocottes,1
code,1
coffee,1
coffined,1
coffins,1
colds,1
collapse,1
collar-bone,1
collarette,1
collars,1
colleague,1
colleagues,1
collect,1
collecting,1
collection,1
colonel-looking,1
colourless,1
combed,1
combing-jacket,1
come-all-you,1
comedy,1
comer,1
cometty,1
come—the,1
comfortable,1
comfortably,1
comforted,1
command,1
commerce—the,1
commercially,1
committed,1
common-sense,1
commonly,1
communicant,1
communing,1
communion,1
companies,1
companionship,1
comparing,1
compassionately,1
compelled,1
compete,1
competed,1
competition,1
competitors,1
complacent,1
complain,1
complex,1
complicity,1
complimented,1
compliments,1
compose,1
composed,1
composure,1
compromised,1
conceded,1
conceit,1
conclave,1
concrete,1
condemned,1
condensed,1
condition,1
conference,1
confessed,1
confession-box,1
confessor,1
confidentially,1
confirmed,1
confuse,1
confusedly,1
congenial,1
connacht,1
connived,1
connubial,1
conquer,1
conqueror,1
conscience,1
consciences,1
consciousness,1
consecutively,1
considerable,1
considerably,1
considerately,1
consideration,1
consignor,1
consisted,1
consoled,1
constabulary,1
constitution,1
constrained,1
consumption,1
contempt,1
contented,1
contentedly,1
contents,1
continentals,1
continue,1
contracted,1
contracts,1
contradictions,1
contrast,1
contusions,1
convenient,1
conventions,1
converged,1
conversing,1
convex,1
conveyed,1
conviction,1
convincing,1
convulsed,1
convulsively,1
coping,1
copious,1
copiously,1
copper,1
coppers,1
cordially,1
corks,1
corkscrew—for,1
corned,1
corporation,1
corroborated,1
corruption,1
cottage,1
cottages,1
couch,1
cough,1
couldn't,1
councillors,1
counter-orders,1
countries,1
county,1
course—but,1
coursing,1
courted,1
courteous,1
courting,1
courtship,1
covering,1
coverings,1
covers,1
covertly,1
cow,1
crabbed-looking,1
crack,1
crackers,1
cranes,1
craning,1
cranny,1
crawled,1
craziness,1
cream,1
creased,1
creases,1
created,1
creature,1
creatures,1
credit,1
creed,1
crevices,1
cricket,1
crimson,1
cripple,1
criticisms,1
critics,1
croly,1
crooked,1
cropped,1
cross-directions,1
cross-examination,1
crosses,1
crossings,1
cross—to,1
crouching,1
crowe,1
crowned,1
crumpled,1
crunching,1
crusade,1
crush,1
crust,1
crusts,1
crux,1
crux—that,1
cultivated,1
cunning,1
cunningly,1
curling,1
curls,1
currant,1
curs,1
curse,1
curses,1
custard,1
customs,1
cute,1
cycling,1
d'honneur,1
dairy,1
dairyman,1
dalkey,1
dancers,1
dances,1
dared,1
darkest,1
dart,1
davy,1
dawned,1
daybreak,1
de,1
dead-room,1
deadly,1
deals,1
dealt,1
debonair,1
debt,1
debts,1
decanters,1
deceived,1
deception,1
decidedly,1
decipher,1
decisive,1
decisively,1
declare,1
declared,1
decorating,1
decorous,1
decrepit,1
deed,1
deep-drawn,1
deepened,1
defence,1
defend,1
deferred,1
defiance,1
defiant,1
defiantly,1
defied,1
defined,1
definite,1
definitely,1
deft,1
degree,1
delayed,1
deliberate,1
deliberated,1
delightful,1
delivered,1
delivering,1
delusion,1
demeanour,1
demure,1
denial,1
denuded,1
deoc,1
departure,1
depend,1
deplorable,1
deploring,1
deposed,1
deposit,1
depositing,1
depot,1
deprecation,1
depress,1
derided,1
descendant,1
descendants,1
descent,1
describe,1
deserved,1
deservedly,1
designed,1
desired,1
desires,1
desist,1
desisted,1
desisting,1
desperately,1
despise,1
despised,1
dessert,1
detached,1
detachment,1
detail,1
detective,1
deuced,1
developed,1
development,1
device,1
devines,1
devious,1
devising,1
devlin,1
devotions,1
devout,1
dexterity,1
dial,1
dialogues,1
diamond-bone,1
diamonds,1
differed,1
differences,1
differently,1
difficulties,1
diffidence,1
diffident,1
diffused,1
dig,1
diligence,1
diligently,1
diluted,1
diminutive,1
dimmed,1
din,1
dine,1
dinged,1
dinners,1
dinorah,1
direct,1
directory,1
disappointments,1
disapproval,1
disarray,1
disbelieve,1
disbelieved,1
disc,1
discharged,1
discharging,1
disciple,1
discoloured,1
discomfiture,1
discomposed,1
discontented,1
discontinued,1
discourse,1
discourses,1
discourteously,1
discourtesy,1
discovering,1
discrepancies,1
discussing,1
discussions,1
disfigured,1
dishes,1
disliked,1
dismal,1
dismally,1
dismissed,1
disordered,1
dispel,1
displaying,1
disposing,1
dispute,1
dissipations,1
dissolving,1
dissuaded,1
distantly,1
distaste,1
distended,1
distillers,1
distracted,1
distressing,1
distributed,1
district,1
disturbed,1
disused,1
ditto,1
dived,1
diverged,1
divide,1
divined,1
diving,1
docile,1
docks,1
doctrine,1
documents,1
dodder,1
dodge,1
dogma,1
doll,1
dollar,1
dolling,1
dominant,1
donation,1
donna,1
door-knocker,1
doorways,1
dorset,1
doruis—that,1
dosed,1
doubly,1
doubted,1
downright,1
downward,1
downwards,1
dowry,1
doyle,1
doze,1
dozing,1
dr,1
drag,1
draped,1
draper,1
drawers,1
dreadfully,1
dreamed,1
dreamt,1
dress-boots,1
dressingroom,1
dribbled,1
drifted,1
drill,1
drivers,1
drizzling,1
drone,1
drown,1
drowsed,1
drum,1
dublin—tietjens,1
duchess—a,1
duckie,1
due,1
duly,1
dumb-bells,1
dunn,1
dunne,1
dunns,1
dusky,1
dusted,1
dutifully,1
dwarf,1
dwell,1
dwellings,1
dwelt,1
dwindling,1
dwyer,1
e,1
eagerness,1
earl,1
earlier,1
earlsfort,1
earshot,1
easily,1
eating-house,1
ebullient,1
echo,1
eclogues,1
ecod,1
ecstasy,1
eddie,1
edges,1
editions,1
edmund,1
eet,1
effaced,1
effectively,1
egg,1
egg-shaped,1
eggs,1
eider-down,1
eight-o'clock,1
eire,1
elastically,1
elated,1
elates,1
elbowed,1
elected,1
electric-light,1
electrician,1
elegance,1
elegantly,1
elements,1
eleven,1
ellen,1
eloquence,1
elsewhere,1
else—ay,1
elucidating,1
ely,1
embellish,1
embittered,1
embraced,1
embrasure,1
emerged,1
emerging,1
emily,1
emotional,1
emotionalised,1
emotions,1
emphasised,1
employment,1
enable,1
enchantment,1
encores,1
encouraging,1
encumbered,1
endeavour,1
endeavours,1
endless,1
endure,1
energetic,1
energetically,1
enforce,1
engage,1
engagements,1
engines,1
enjoyment,1
enlist,1
enlivened,1
enmity,1
ensured,1
enterprise,1
entertained,1
enthusiast,1
enthusiastic,1
entry,1
enunciated,1
enunciation,1
envelope,1
enviously,1
epileptic,1
equal,1
equally,1
equation,1
equipoise,1
errand,1
errors,1
escaladed,1
escaped—the,1
establishing,1
establishments,1
estate,1
esteemed,1
eternal,1
ethical,1
eucharist,1
euclid,1
europe,1
eustace,1
eva,1
evasive,1
evenly—an,1
ever-changing,1
everlasting,1
everywhere,1
eves,1
evident,1
evils,1
evocation,1
evoked,1
evoking,1
evvy,1
exactions,1
exactitude,1
exaggeration,1
exalted,1
excess,1
exchanging,1
exclaim,1
exclaiming,1
excluded,1
excursion,1
excused,1
execrate,1
execute,1
executed,1
exemplars,1
exertions,1
exhibition,1
exhilarating,1
exonerated,1
exotic,1
expectantly,1
expert,1
expired,1
explanation,1
exploded,1
explore,1
exposed,1
expressions,1
exquisite,1
extensive,1
extinguished,1
extract,1
extraordinary,1
eyebrow,1
eyeglasses,1
facing,1
fade,1
fading,1
fainted,1
faints,1
fair-haired,1
faithful,1
falsetto,1
familiarity,1
famous,1
fanlight,1
farcical,1
farthing,1
fascinated,1
fashionable,1
faster,1
father-in-law,1
fatty,1
fatuous,1
faults,1
favoured,1
fearless,1
feather,1
feats,1
february,1
feed,1
feelings,1
feels,1
fees,1
feis,1
felicitous,1
fellow-catholics,1
fellow-clerks,1
fellow-men,1
fellow-sufferer,1
fellow-travellers,1
fellow——,1
fender,1
fenians,1
ferns,1
ferreted,1
feudal,1
fever,1
fide,1
field—the,1
fierce,1
fiery,1
fifty,1
figures—on,1
fill,1
filling,1
filth,1
filthy,1
finances,1
financial,1
financier,1
finery,1
finest,1
fingering,1
finishing,1
finlay,1
fires,1
first-comer,1
first-rate,1
fish,1
fisher,1
fishermen,1
fists,1
flaccid,1
flakes,1
flames,1
flanked,1
flannel,1
flaring,1
flashed,1
flashing,1
flattered,1
flattery,1
flesh,1
fleshy,1
flickering,1
flies,1
flinch,1
flinging,1
flirted,1
floated,1
floating,1
flock,1
florentines,1
florid,1
florin,1
flourish,1
floury,1
flowered,1
flutter,1
fly,1
flying,1
foes,1
fol-the-diddle-i-do,1
fold,1
folding,1
folds,1
follies,1
folly,1
fooled,1
fooling,1
footing,1
footpaths,1
forbid,1
forbidden,1
force,1
forces,1
forcing,1
forefinger,1
foreman,1
forfeit,1
forgets,1
forgive,1
formally,1
formless,1
forms,1
forsake,1
fortunate,1
fortune,1
fortunes,1
forty,1
forty-three,1
four-handed,1
fourpence,1
fourpence—ay—and,1
fourteen,1
fownes,1
foxes,1
fractured,1
fragile,1
fragility,1
frailer,1
framework,1
francois,1
frank-mannered,1
freak,1
freckled,1
free-thinking,1
freed,1
freedom,1
freemason,1
freemasons,1
frenzy,1
frequent,1
frequently,1
friend's,1
frieze,1
frightened,1
frill,1
fringed,1
frontal,1
fruit-stand,1
fugitive,1
fulfil,1
fulham,1
fullness,1
fumes,1
funds,1
funny,1
furious,1
furry,1
furtive,1
g,1
gab,1
gabriel's,1
gaining,1
gait,1
gaiters,1
galaher,1
gallantries,1
gallicism,1
galloped,1
galoshes,1
gang,1
gaping,1
gaps,1
garcon,1
garments,1
garrulous,1
gasping,1
gathering,1
gaudy,1
gauging,1
gauntlet,1
gavan,1
gazers,1
geese,1
generously,1
genteel,1
gentility,1
geography,1
georgina,1
germans,1
germany,1
ghostly,1
gifted,1
gilded,1
gilt-rimmed,1
girdled,1
girlish,1
girt,1
giuglini,1
glance,1
glass-stoppers,1
gleamed,1
glimmering,1
glittered,1
globes,1
globular,1
gloves,1
glue,1
glue-boiler,1
glynn's,1
gnawed,1
gnomon,1
god-fearing,1
godspeed,1
goer,1
gold-rimmed,1
goldberg,1
gone—even,1
gongs,1
good-fellowship,1
good-humouredly,1
good-nights,1
goodly,1
goodnight,1
goods,1
gossiping,1
goster,1
governed,1
go——,1
gracefully,1
grade,1
grains,1
grammar,1
grandest,1
grandfather,1
grandiose,1
granite,1
granted,1
gratefully,1
gravity,1
grays,1
grease,1
great-coat,1
great-great-grandfather,1
greatness,1
greedily,1
greek,1
greenish-black,1
greet,1
greeted,1
gresham,1
grey-green,1
greystones,1
grimly,1
grimy,1
grin,1
grinned,1
groaning,1
groceries,1
grocers,1
grog,1
groomed,1
grope,1
groped,1
grotesque,1
grow,1
grudging,1
grudgingly,1
gruff,1
grunting,1
guardian,1
guards,1
guessing,1
guidance,1
guise,1
gulp,1
gulped,1
gum,1
gums,1
gust,1
guttapercha,1
guttering,1
ha,1
habitual,1
hacks,1
haddington,1
hairpin,1
half-a-dozen,1
half-an-hour,1
half-crowns,1
half-disclosed,1
half-hour,1
half-moons,1
half-open,1
half-opened,1
half-pint,1
halldoor,1
hallooed,1
halls,1
hallway,1
halo,1
halpin,1
halting,1
halves,1
hand-me-down,1
hand-mirror,1
handbills,1
handiwork,1
handkerchiefs,1
handy,1
hang,1
hank,1
happiest,1
harbour,1
hard-earned,1
hard-featured,1
hard-working,1
hardwicke,1
harmonium,1
harness,1
harnessed,1
harsh,1
harsher,1
harshness,1
haste,1
hastened,1
hat-brush,1
hat-rack,1
hated,1
hates,1
hatred,1
haughty,1
hauptmann,1
hawk,1
hay-coloured,1
haze,1
he'd,1
headline,1
headlong,1
headstones,1
healed,1
healey,1
healthier,1
heaped,1
hearth,1
hearty,1
heat,1
heaven,1
heaviest,1
heavy-lidded,1
heckling,1
heed,1
heedless,1
heedlessly,1
height,1
heightened,1
heliotrope,1
helmet,1
helpings,1
helplessly,1
helplessness,1
hems,1
henrietta,1
herald,1
here—we're,1
hero,1
hickey,1
high-class,1
high-pitched,1
highest,1
hills,1
hillsiders,1
him—as,1
him—coolly,1
him——,1
hip,1
hire,1
hissing,1
historian,1
hit,1
hitched,1
hive,1
hoarse,1
hoarseness,1
hobbled,1
hobbling,1
hohe,1
holidays,1
holland,1
homage,1
homely,1
homeward,1
honesty,1
honeymoon,1
honoured,1
hooded,1
hooked,1
hop-bitters,1
hop-o'-my-thumb,1
hopeless,1
hopelessly,1
hoping,1
hoppy,1
horde,1
horizon,1
horn,1
hornet,1
horns,1
horseplay,1
hospitably,1
hostesses,1
hostile,1
hosts,1
hotels,1
hotly,1
hounded,1
house-boots,1
house-room,1
housed,1
housemaid,1
housewives,1
housework,1
how-do-you-do,1
hubby,1
huckster,1
hum,1
humbly,1
humiliation,1
humped,1
hundred,1
hundreds—what,1
hungary,1
hunger,1
hunker-sliding,1
hunt,1
hurriedly,1
hurrying,1
hurt,1
husbands,1
husky,1
i'a,1
i'll,1
i'm,1
i.o.u,1
ice,1
icing,1
idealising,1
ideals,1
identity,1
idiot,1
idleness,1
idler,1
idly,1
ignominy,1
ignorance,1
ignored,1
ill-feeling,1
illiterate,1
illuminated,1
illusions,1
illustrated,1
ilma,1
images,1
imaginary,1
imagine,1
imbecile,1
imitation,1
immediately,1
immensely,1
immersions,1
imminent,1
immobile,1
immobility,1
impatient,1
impatiently,1
imperfections,1
impersonal,1
imperturbable,1
impetuous,1
impinge,1
implacable,1
implored,1
imprecation,1
impregnated,1
impresarios,1
impressionable,1
impressions,1
impromptu,1
improved,1
improvements,1
improvised,1
impudence,1
inaction,1
inadequate,1
inane,1
inartistic,1
inattentive,1
incapable,1
incessant,1
inchicore,1
incipient,1
inclement,1
inclusively,1
incomplete,1
incongruity,1
increased,1
incredulous,1
incredulously,1
indecision,1
indecorously,1
indelicate,1
independent,1
indians,1
indicate,1
indicated,1
indignantly,1
indignities,1
indite,1
induced,1
indulgent,1
industries,1
inefficacious,1
inefficient,1
inelegance,1
inexperience,1
inexplicable,1
infallible,1
infant,1
inference,1
inferior,1
inflamed,1
inflection,1
influential,1
influx,1
informal,1
information,1
informed,1
ingenuously,1
ingratiate,1
inhaling,1
inherited,1
inheritor,1
iniquity,1
initials,1
innocence,1
innocent-looking,1
innumerable,1
inordinate,1
inquest,1
inquired,1
inquiringly,1
inquiry,1
inscribed,1
inscription,1
inscriptions,1
insect,1
insensitive,1
insert,1
insistence,1
insistence—,1
insistent,1
insisting,1
inspect,1
inspector,1
instance,1
instanter,1
instep,1
instincts,1
instrument,1
instruments,1
insult,1
insuperable,1
insurance,1
intelligence,1
intemperance,1
intemperate,1
intend,1
intently,1
interesting,1
interlude,1
interpreted,1
interrogation,1
interrogatively,1
interruption,1
intersected,1
intervene,1
intimacy,1
intimation,1
intolerable,1
intonation,1
intrigues,1
introduce,1
introduction,1
intrude,1
intruding,1
inundated,1
invariable,1
invariably,1
invented,1
invention,1
invidious,1
invisible,1
involuntarily,1
in——,1
iris,1
irish-looking,1
irishtown,1
irksome,1
ironical,1
ironing,1
irony,1
irregular,1
irregularly,1
irresolutely,1
irritable,1
irritate,1
isles,1
isolation,1
issue,1
issuing,1
is——,1
italians,1
italy,1
it—by,1
it—not,1
ivory,1
ix,1
i—,1
jacket-coat,1
jaded,1
jars,1
jaws,1
jealous,1
jealously,1
jealousy,1
jerks,1
jerry,1
jets,1
jewesses,1
jews,1
jobs,1
jog-along,1
jokers,1
josser,1
jostled,1
journalism,1
joviality,1
joyful,1
joyfully,1
joys,1
judgments,1
judiciously,1
julia's,1
julia's—arrayed,1
juliet,1
july,1
jump,1
jumping,1
june,1
junior,1
juror,1
jury,1
justifiable,1
jutting,1
kavanagh's,1
kearneys,1
kearneys—musical,1
keegan,1
keener,1
key-board,1
keys,1
kicked,1
kicks,1
kid,1
kilkelly,1
killarney,1
killed,1
kinder,1
kindness,1
kindred,1
kinds,1
kingsbridge,1
kink,1
kirwan,1
knack,1
knit,1
knob,1
knocker,1
knocking,1
knotted,1
know—to,1
kowtowing,1
kramer,1
labels,1
laborious,1
laboriously,1
lacking,1
laden,1
ladling,1
lads,1
lager,1
lakes,1
lamb,1
lambabaun,1
lame,1
lamely,1
lamented,1
landlady,1
landscape,1
lanes,1
languages,1
lanterns,1
lap,1
lapsed,1
larry,1
latchkey,1
latent,1
launched,1
lavatory,1
lavender,1
lawn,1
lay-brother,1
layman,1
lazily,1
leaden,1
leads,1
leaf-shaped,1
league,1
leap,1
leaped,1
leaping,1
leather-bound,1
leech,1
leered,1
leghorn,1
legitimate,1
leisure,1
lending,1
lenses,1
leoville,1
lesser,1
leverett,1
liberalism,1
liberated,1
libh,1
library,1
licensed,1
lick,1
licked,1
lid,1
lies,1
life—and,1
life—but,1
lift,1
light-heartedly,1
liking,1
limericks,1
limit,1
limits,1
limp,1
limped,1
lineal,1
linger,1
lingered,1
linked,1
links,1
lion,1
lip—a,1
liqueurs,1
liquid,1
listlessly,1
litanies,1
lithia,1
littered,1
liverpool,1
lizzie,1
load,1
loans,1
loathed,1
lobes,1
locked,1
lodgers,1
lodging,1
loft,1
londoner,1
loneliness,1
longing,1
looking-glass,1
looped,1
loophole,1
loosely,1
loosen,1
loosened,1
lordly,1
losers,1
loud-voiced,1
lovers,1
low-cut,1
lowered,1
lucan,1
lucrezia,1
ludicrous,1
lumps,1
lunch,1
lunch-time,1
luncheon,1
lunches,1
lunch—a,1
lurch,1
lustre,1
lusts,1
lutes,1
luxuriated,1
lux—light,1
m'coy's,1
machinery,1
madness,1
madonna,1
madrigal,1
magazine,1
magellan,1
magic-lantern,1
magnificent,1
magnified,1
magniloquent,1
major,1
majority,1
maker,1
maleficent,1
mall,1
malodorous,1
man-o-war,1
manage,1
mangan,1
mangan's,1
manifest,1
manikin,1
mannerisms,1
mannie,1
manoeuvres,1
mansions,1
manuscript,1
marble,1
margaret,1
maritana,1
marked,1
markets,1
marlborough,1
marred,1
married—she,1
marrying,1
mask,1
massey,1
masterfully,1
masts,1
match-sellers,1
materials,1
maternal,1
mates,1
matronly,1
maturity,1
maynooth,1
maze,1
mccloud,1
meagre,1
meals,1
meanwhile,1
mechanical,1
mechanicians,1
mediaeval,1
mediocre,1
meditate,1
meek,1
meekly,1
melbourne,1
melodies,1
melodious,1
memoirs,1
memoranda,1
memory—if,1
men's,1
menace,1
menacingly,1
mentally,1
mention,1
mercantile,1
merchant,1
merciful,1
merest,1
merrily,1
merry-making,1
mess,1
metal,1
methods,1
me—eh,1
mice,1
miching,1
midday,1
middle-aged,1
midland,1
midst,1
mignon,1
milan,1
mildly,1
miles,1
military,1
mills,1
mimicking,1
mineral,1
mingled,1
minsters,1
minstrels,1
mirth,1
mirthless,1
misdirected,1
miserable,1
misgave,1
missus,1
mistaken,1
mistook,1
mistresses,1
misunderstood,1
mite,1
mitigated,1
mits,1
mix,1
mmmyes,1
moaning,1
mock,1
mockery,1
model,1
moderately,1
modestly,1
modified,1
moistened,1
moisture,1
molten,1
moment's,1
momentary,1
monarch,1
monastery,1
moneylender,1
money—he,1
monosyllable,1
monotonously,1
moods,1
moody,1
mooney's,1
mooning,1
mope,1
moralising,1
mornings,1
morosely,1
morsels,1
mother-of-pearl,1
motoring,1
motorists,1
mottled,1
moulding,1
moulin,1
mouthful,1
mouthfuls,1
movements,1
moyle,1
mozart,1
mucus,1
mud,1
muddy,1
muffled,1
muffler,1
mulberry,1
mumbled,1
munching,1
munno,1
murdered,1
murzka,1
muscular,1
mused,1
musha,1
music-loving,1
musketry,1
muslin,1
muster,1
mutinous,1
mutterings,1
mutton,1
mutually,1
mysterious,1
mysteriously,1
na'e,1
naas,1
nabs,1
naming,1
napkin,1
narrowest,1
nasal,1
nassau,1
nations,1
native,1
naturally,1
nausea,1
nearest,1
nearing,1
neatly,1
necessitous,1
necktie,1
needles,1
negro,1
nephews,1
nervousness,1
nest,1
nettled,1
never-to-be-forgotten,1
nevertheless,1
new-fangled,1
newport,1
nieces,1
nietzsche,1
night's,1
night-boat,1
nimbly,1
nine-tenths,1
nipper,1
nix,1
nobility,1
nobleman,1
noisiest,1
noisily,1
nominators,1
nonsense,1
normal,1
northern,1
northward,1
norwegian,1
nostril,1
notebook,1
noted,1
noticeable,1
notoriety,1
novel,1
novice,1
nowadays,1
nowhere,1
nudged,1
nudges,1
numbers,1
nuns,1
nurses,1
nut,1
nutcracker,1
nutcrackers,1
nutmeg,1
o'carroll,1
o'clohissey,1
o'donovan,1
o'farrell,1
oats,1
obdurately,1
obediently,1
obeyed,1
objected,1
objective,1
oblige,1
oblique,1
obscenities,1
obscure,1
obscurely,1
obsequiously,1
observation,1
observe,1
observer,1
obstinately,1
obtuse,1
occasional,1
occasions,1
occupations,1
occupied,1
occurred,1
occurs,1
octave,1
octaves,1
october,1
odorous,1
odours,1
offhand,1
office-girls,1
officer,1
offices,1
official,1
officials,1
officiate,1
officiated,1
oftener,1
of—what,1
oil-lamp,1
oil-rag,1
oily,1
oldish,1
old—thirty-two,1
omadhauns,1
ongue,1
onlookers,1
ooze,1
open-hearted,1
openly,1
operas,1
operatic,1
opinions,1
opportune,1
opportunities,1
opposition,1
oppressed,1
optimist,1
option,1
opulence,1
orating,1
orator,1
oratory,1
orbit,1
orderliness,1
orderly,1
organ-player,1
oriental,1
origin,1
originally,1
ormond,1
ornament,1
orthodox,1
or——s,1
otherwise,1
ou,1
out-and-out,1
out-generalled,1
out-of-doors,1
outdoor,1
outer,1
outraged,1
outright,1
outsider,1
outsiders,1
out——,1
overbearing,1
overcome,1
overflowing,1
overhear,1
overheard,1
overlook,1
overnight,1
overripe,1
overstayed,1
owe,1
owed,1
ox,1
oxter,1
oysters,1
p,1
p.l.g,1
paced,1
pacifically,1
pack,1
packed,1
padded,1
paint,1
painters,1
palace,1
palate,1
palaver,1
paled,1
pallid,1
palpitated,1
palpitations,1
panes,1
pang,1
pangs,1
panorama,1
pansy,1
pant,1
pantomime,1
papa,1
papal,1
paper-covered,1
paralytic,1
parapets,1
parcelled,1
parisienne—for,1
parkes,1
parole,1
parsley,1
partial,1
particularised,1
particularly,1
particulars,1
partnered,1
parts,1
passes,1
passionately,1
passive,1
pasted,1
patagonians,1
patch,1
patent,1
patent-leather,1
paths,1
patience,1
patient,1
patiently,1
pattered,1
patterson,1
patting,1
pauses,1
pavement,1
peace-maker,1
peacock-blue,1
peake,1
peaked,1
peals,1
pearls,1
peculiar,1
peeled,1
peeping,1
peer,1
pegs,1
pellets,1
peloothered,1
pencil,1
pencilled,1
pencils,1
pending,1
penitent,1
pennies,1
penny-piece,1
pennyboy,1
peony,1
peopled,1
pepper,1
peppered,1
perched,1
perennial,1
perfect,1
perform,1
performed,1
performing,1
periods,1
perished,1
permanently,1
perplexed,1
perplexity,1
persia,1
persistent,1
personally,1
persuade,1
persuaded,1
persuasion,1
persuasively,1
pertly,1
perturbation,1
perturbed,1
perverse,1
petticoats,1
philosophically,1
philosophy,1
phlegm,1
photograph—in,1
phrasemongers,1
physical,1
pianist,1
pianist—but,1
piano-stool,1
picked,1
picking,1
picnic,1
pier-glass,1
pierglass,1
piled,1
pillars,1
piloting,1
pim,1
pimples,1
pin,1
pinches,1
pink,1
pink-veined,1
pint,1
piously,1
pipeclayed,1
piping,1
pit,1
pitch,1
pitched,1
piteously,1
pitiable,1
pitied,1
pitiful,1
pitilessly,1
pius,1
pivot,1
placidly,1
plaid,1
plaintive,1
planks,1
planned,1
plans,1
plants,1
plausible,1
plead,1
pleasantry,1
pleasing,1
pleasures,1
plenty,1
plots,1
plucked,1
plum-pudding,1
plumped,1
plundered,1
plunged,1
plying,1
pocket-handkerchief,1
poetic,1
poised,1
poisons,1
poles,1
policy,1
political,1
polkas,1
pompous,1
pomps,1
pontificates,1
pony,1
poolbeg,1
poor-looking,1
popes—not,1
popes—of,1
popped,1
poppens,1
populated,1
porcelain,1
porch,1
porters,1
portholes,1
portmanteaus,1
possibility,1
pots,1
pouch,1
pounding,1
pour,1
powerful-looking,1
practical,1
practices,1
prayer,1
preach,1
preaching,1
precaution,1
preceded,1
preconsidered,1
predicate,1
prefer,1
preparatory,1
presently,1
pretending,1
pretentious,1
prevail,1
prevalent,1
previously,1
prey,1
price,1
pricked,1
priestess,1
priesthoods,1
priestly,1
priests,1
prim,1
prima,1
prime,1
prince,1
princely,1
princes,1
principal,1
principle,1
principles,1
print,1
printers,1
prize,1
prizes,1
pro-cathedral,1
problems,1
prodigy,1
produces,1
production,1
profane,1
profession,1
professional,1
professionally,1
profile,1
progressing,1
project,1
projecting,1
promises,1
promising,1
pronounce,1
pronounced,1
pronunciation,1
proofs,1
prop,1
propagandism,1
property,1
prophecy,1
proposal,1
prosperity,1
prosperous,1
prostrate,1
protect,1
protested,1
protesting,1
protruded,1
proudly,1
proved,1
provided,1
proxy,1
prudence,1
public-houses,1
publican—eh,1
published,1
puckers,1
pudding-fork,1
puffs,1
pulls,1
pulp,1
pulse,1
punches,1
punctiliously,1
punctuated,1
purest,1
purposed,1
pushing,1
pyramid,1
quaint,1
quaintness,1
quality,1
quarrels,1
quavering,1
quincunx,1
quivering,1
quizzically,1
quizzing,1
quoting,1
rabbit,1
radiant,1
rag,1
rail,1
raillery,1
raindrops,1
raked,1
rambled,1
random,1
rang,1
rank,1
rankled,1
rapid,1
rapture,1
raptures,1
rasping,1
rate,1
ratepayer,1
rattle,1
rattled,1
raucous,1
ravaged,1
ravelli,1
raving,1
re-covered,1
re-emerged,1
re-entered,1
reaching,1
reader,1
readily,1
readjusted,1
readjustment,1
reads,1
realists,1
reality,1
reappeared,1
rearranged,1
reasserted,1
reassurance,1
reassuringly,1
rebuke,1
recede,1
recent,1
recherche,1
recipients—or,1
reciprocated,1
recklessness,1
recognition,1
reconstruct,1
recruits,1
rectangle,1
rectify,1
rectitude,1
recur,1
recurrences,1
recurring,1
red-faced,1
red-nosed,1
reddish,1
redeemer,1
redeeming,1
reefer,1
reeking,1
reflecting,1
reflection,1
refractory,1
refraining,1
refuge,1
refused,1
regained,1
registered,1
registration,1
regretted,1
regulate,1
rehabilitated,1
rehearsal,1
rehearsing,1
reign,1
reiterating,1
related,1
relatives,1
relaxation,1
relenting,1
relight,1
relish,1
remarked,1
remarks,1
remembrance,1
reminding,1
reminds,1
reminiscence,1
reminiscences,1
remonstrative,1
remorse,1
removal,1
removed,1
removing,1
renege,1
renew,1
renounce,1
rented,1
repaid,1
repeat,1
repelled,1
repentant,1
replace,1
replenished,1
reply,1
reports,1
repose,1
reposing,1
represent,1
represented,1
reputed,1
required,1
resemble,1
resembled,1
resembling,1
resignation,1
resignedly,1
resolve,1
response,1
responses,1
responsible,1
resting,1
restless,1
restlessly,1
restored,1
restraining,1
resurrected,1
retaining,1
retch,1
retorted,1
retrace,1
return-room,1
revealed,1
revel,1
revelation,1
revenged,1
revengeful,1
revengefully,1
revengefulness,1
reverie,1
reviewed,1
reviewing,1
reviews,1
revival,1
revolution,1
reward,1
rewarded,1
rex,1
reynolds,1
rheumatic,1
ribbon,1
richard,1
richly,1
richmond,1
rickety,1
riddles,1
ride,1
ridge,1
ridicule,1
rife,1
rim,1
rims,1
ringing,1
rinsed,1
rioting,1
ripe,1
risk,1
riverbanks,1
roaming,1
roared,1
roaring,1
roast,1
rob,1
robert,1
robustness,1
rock,1
rocked,1
rocking,1
rome,1
romeo,1
room—the,1
rope,1
rosicrucian,1
rossa,1
rosy,1
rotten,1
rotterdam,1
rotunda,1
rotundity,1
rouge,1
roughshod,1
roundly,1
rounds,1
roused,1
roussel,1
route,1
rowboat,1
roystered,1
rubber,1
rubbish,1
ruddy,1
rudeness,1
ruffle,1
ruinous,1
ruins,1
rushed,1
rusty,1
ryan,1
sack,1
sack—if,1
sacraments,1
sacrifices,1
sadder,1
sadness,1
sailed,1
sailing-vessel,1
salmon-pink,1
salutation,1
salute,1
saluting,1
salver,1
sandy,1
sash,1
satan,1
satin,1
satirically,1
satisfactory,1
satisfy,1
saturated,1
saturnine,1
sauntered,1
savage,1
sawdust,1
sayings,1
scale,1
scales,1
scamper,1
scandal,1
scandalous,1
scandalously,1
scant,1
scantily,1
scarf,1
scarlet,1
scenery,1
scenes,1
scented,1
sceptical,1
scheme,1
scholar,1
school-life,1
schooling,1
science,1
scintillated,1
scolded,1
score,1
scorn,1
scornfully,1
scotland,1
scoundrels,1
scream,1
screened,1
screw,1
scriptures,1
scrupulous,1
scrutiny,1
scudding,1
scuffling,1
scurry,1
searching,1
searchingly,1
seasoned,1
seasons,1
seating,1
seats,1
secluded,1
second-class,1
second-hand,1
secrecy,1
secreto,1
secrets,1
sections,1
secular,1
secured,1
securely,1
security,1
sedulously,1
seed,1
sees,1
segment,1
segouin's,1
seizing,1
selected,1
selection,1
self-contained,1
self-won,1
senior,1
sensations,1
sensibility,1
sensitive,1
sententiously,1
sentiment,1
sentimentalist,1
sentiments,1
sentries,1
separation,1
serene,1
sermon,1
serve,1
servility,1
serving,1
seventh,1
severe,1
sewn,1
shabbily,1
shadows,1
shady,1
shafts,1
shaken,1
shaky,1
shameful,1
shannon,1
shape,1
shapeless,1
shapely,1
sharing,1
sharp-faced,1
sharply,1
shave,1
she'd,1
sheds,1
sheep,1
shell,1
sheltering,1
shelters,1
shepherd,1
shepherds,1
shifts,1
shillings—and,1
shimmering,1
shin,1
ship,1
ship-building,1
shirking,1
shirt-front,1
shirt-sleeves,1
shiver,1
shivered,1
shivering,1
shoneens,1
shoot,1
shop-boys,1
shopwindows,1
shortened,1
shortest,1
shout,1
shouting,1
shouts,1
shoved,1
shovel,1
shoving,1
shower,1
showers,1
showman,1
shrewd,1
shrewdness,1
shrivelled,1
shuttered,1
shutters,1
shy,1
sickroom,1
side-dishes,1
side-door,1
side-glances,1
side-pocket,1
side-tables,1
side-thrusts,1
sidling,1
sifted,1
sigh,1
sighing,1
sightseers,1
signal,1
significant,1
significantly,1
silenced,1
silken,1
simoniac,1
simony,1
simple,1
simple-minded,1
simplest,1
sincerely,1
sinful,1
single,1
singlehanded,1
singly,1
sinners,1
sins—and,1
sinus,1
sipping,1
sips,1
sirloins,1
sirr,1
sir——,1
sits,1
situation,1
sixpenny,1
sixth,1
sixty,1
size,1
sketch,1
skip,1
skipped,1
skips,1
skit,1
skull,1
slackened,1
slake,1
slang,1
slanted,1
slap,1
slapped,1
slate-blue,1
slate-colour,1
slaved,1
slaving,1
sleepily,1
slight,1
slighting,1
slippers,1
slipping,1
slips,1
slush,1
slushy,1
smacked,1
smacking,1
smahan,1
smaller,1
smarted,1
smartly,1
smeared,1
smell,1
smiles,1
smith,1
smoking,1
smooth,1
smothered,1
smouldering,1
smyrna,1
snatched,1
sniffed,1
snorting,1
snow-covered,1
snow-stiffened,1
snowing,1
snuff-box,1
snuff-stains,1
snuffle,1
snuffled,1
snuffling,1
sob,1
sobbed,1
sobered,1
socialist,1
sod,1
soda,1
sodden,1
sofa,1
sofa-pillow,1
softer,1
soil,1
soldier,1
sole,1
solemnity,1
soles,1
solicitous,1
solicits,1
solidly,1
solution,1
someway,1
songbook,1
sonorously,1
sooner,1
soot,1
soothe,1
soothingly,1
sorrow,1
sottish,1
souls,1
sounds,1
soup,1
sour,1
sources,1
south,1
sovereign,1
sown,1
so——,1
spake,1
span,1
spanking,1
sparkled,1
spears,1
specials,1
spectral,1
sped,1
speechless,1
speed,1
spick,1
spicy,1
spikes,1
spilling,1
spits,1
spitting,1
spittle,1
spoils,1
spondulics,1
sponge,1
sponging,1
spoonfuls,1
spooning,1
sporting,1
sportsman,1
spotted,1
sprawled,1
sprigs,1
spurious,1
spy,1
spying,1
squabble,1
squad,1
squads,1
squander,1
squared,1
squatted,1
squeaking,1
squeal,1
squeezed,1
squeezing,1
stable,1
stables,1
stage-wardrobe,1
stake,1
stale,1
stalk,1
stalk-shaped,1
stalks,1
stammer,1
stamps,1
stanza,1
star,1
startled,1
states,1
stayed,1
staying,1
steadied,1
steadily,1
steady,1
stealing,1
stealthily,1
steed,1
stem,1
stephen's,1
stepped,1
stepping,1
sternness,1
steward,1
stiffly,1
stillness,1
stimulus,1
stinging,1
stipulated,1
stirring,1
stock-still,1
stoney,1
stooped,1
store,1
storeys,1
storm,1
straight-laced,1
straightening,1
straits,1
strand,1
strangers,1
strange—in,1
stratagem,1
straw,1
stray,1
stream,1
street-singers,1
street—faith,1
strenuous,1
string,1
strip,1
stripling,1
stripped,1
striving,1
strode,1
stroking,1
strolled,1
stronger,1
strutting,1
stuck,1
students,1
studious,1
studying,1
stuffing,1
stumbling,1
stump,1
stung,1
stunted,1
stupor,1
stuttered,1
suave,1
sub-matron,1
sub-sheriff,1
subjects,1
submission,1
submitted,1
subtle,1
subtlety,1
succeed,1
successfully,1
suffer,1
suffolk,1
suggest,1
suitable,1
suited,1
suiting,1
suitor,1
sullen,1
sullen-faced,1
sultry,1
summarily,1
summarised,1
summits,1
summons,1
sums,1
sunday's,1
sundays,1
sunk,1
sunlight,1
sunshade,1
superfluities,1
superintended,1
supped,1
support,1
supposed,1
supposed—they,1
surgeon,1
surrounding,1
suspended,1
suspicions,1
suspicious,1
sustaining,1
swarmed,1
swathed,1
swathing,1
sway,1
sweated,1
sweeping,1
swelled,1
swerved,1
swindle,1
swivelled,1
swoon,1
swooned,1
syllable,1
sympathetic,1
tabinet,1
table-napkins,1
tables,1
tail,1
tailors,1
talented,1
tales,1
talkative,1
taller,1
tallish,1
tally,1
tangled,1
tanner,1
tap,1
taped,1
tapping,1
taps,1
tardy,1
tartly,1
taskmaster,1
taste,1
tasting,1
tawdry,1
tea-cosy,1
tea-merchant,1
tea-sets,1
tea-table,1
tea-things,1
teacher,1
teachers,1
teaching,1
team,1
teased,1
tedious,1
telegram,1
tells,1
temple,1
temples,1
temporary,1
tenant,1
tenant's,1
tenderness,1
tenebrae,1
tenebris,1
tenors,1
tense,1
term,1
terra-cotta,1
terrific,1
terrifying,1
tessellated,1
testily,1
texts,1
texture,1
th'upper,1
thanked,1
thats,1
that——,1
theatricals,1
them—a,1
them—an,1
theologian,1
theology,1
theories,1
thereby,1
the——,1
thigh,1
thing—that,1
think—light,1
thinned,1
third-class,1
thirteen,1
thirty-five,1
thirty-four,1
thirty-one,1
thither,1
thorax,1
thorns,1
thorny,1
thoroughly,1
thoughtful,1
thoughtfulness,1
thoughtlessness,1
threadbare,1
threading,1
threaten,1
three-quarters,1
three-shilling,1
threemaster,1
threes,1
threshold,1
thresholds,1
thrice,1
thrifty,1
thrilled,1
thrills,1
throne,1
throng,1
thronged,1
thrust,1
thrusting,1
thuds,1
thumb,1
thumping,1
thundering,1
ticket-collector,1
tickets,1
ticking,1
ticklish,1
tide,1
tidy,1
tiemey,1
tim,1
timidity,1
timing,1
timorous,1
tincture,1
tinpot,1
tint,1
tissues,1
tizzie,1
toecaps,1
toff,1
toil,1
toilet-table,1
token,1
tolerance,1
toll,1
ton,1
tonality,1
tons,1
too—regular,1
tops,1
top—what,1
tore,1
toreador,1
torpid,1
torrent,1
tortuous,1
toss,1
totties,1
tour,1
tourists,1
towel,1
tower,1
trace,1
traces,1
tract,1
tracts,1
traffic,1
trailing,1
tram-drivers,1
tram-gongs,1
tramload,1
tramps,1
trams,1
tranquilly,1
transaction,1
transept,1
transferred,1
translate,1
translation,1
transported,1
transverse,1
trap,1
travelled,1
travellers,1
travelling,1
trayful,1
trebelli,1
treeless,1
trepidation,1
tribes,1
tribute,1
trick,1
trickled,1
trifle,1
trill,1
trimly,1
triumphant,1
trivial,1
trodden,1
trolleys,1
troop,1
trotting,1
troubles,1
trousers—moya,1
trumpery,1
trusted,1
truth—and,1
tube,1
tubs,1
tucked,1
tulle,1
tumbler,1
tumid,1
turkish,1
turns,1
turnstile,1
tweed,1
tweeds,1
twenty-five,1
twenty-four,1
twenty-six,1
twenty-two,1
twig,1
twined,1
twirl,1
twisted,1
twisting,1
twitched,1
twitching,1
twittering,1
two-and-four,1
two-shilling,1
two-thirds,1
twos,1
tying,1
type,1
typed,1
typewriting,1
typist,1
ulster,1
unabashed,1
unable,1
unaccustomed,1
unamiable,1
unanimous,1
unbearable,1
unbending,1
unbosoming,1
uncanny,1
uncarpeted,1
unceasing,1
unceasingly,1
uncertain,1
unchanging,1
uncorking,1
uncover,1
uncut,1
undecided,1
underhand,1
undertake,1
undertaken,1
undertook,1
undesirable,1
undid,1
undone,1
undoubtedly,1
uneasily,1
uneasy,1
unexpectedly,1
unfastened,1
unfinished,1
unfit,1
unfolding,1
ungallant,1
unhappy,1
unhealthy,1
unheeded,1
unhooking,1
uniforms,1
uninhabited,1
unison,1
universe,1
unjust,1
unkempt,1
unless,1
unloaded,1
unmistakable,1
unnerved,1
unnoticed,1
unpresentable,1
unpurchaseable,1
unresentfully,1
unrolled,1
unruliness,1
unruly,1
unseemly,1
unsettlings,1
unspeakably,1
unspoiled,1
unstable,1
unsteady,1
untasted,1
untidy,1
unto,1
unusually,1
unveiling,1
unworthy,1
unyoke,1
upheld,1
uphold,1
upturned,1
urchins,1
useful,1
usher,1
using,1
usurious,1
usury,1
us—a,1
utterance,1
utterly,1
vacated,1
vacation,1
vain,1
vainly,1
valises,1
valorous,1
vamped,1
vanity,1
vanquished,1
variance,1
variations,1
various,1
varying,1
vase,1
vatican,1
vehemently,1
veil,1
vein,1
velvet,1
velvety,1
venal,1
venial,1
venture,1
verdict,1
verge,1
verified,1
veritable,1
vermin,1
vermin-like,1
vernacular,1
vessel,1
vested,1
vestibule,1
vestments,1
veteran,1
viands,1
vibrate,1
vibrated,1
vice,1
vices,1
vicious,1
victimised,1
victims—of,1
victor,1
victors,1
victory,1
vidocq,1
views,1
vigorous,1
vigour,1
vindicate,1
vindictive,1
vinegar,1
violet,1
virtual,1
virtue,1
visited,1
visits,1
vitriol,1
vivacious,1
vivacity,1
vocation,1
voluntaries,1
voluptuous,1
vouch,1
vows,1
voyage,1
vraiment,1
vulgarians,1
wad,1
wages,1
wages—seven,1
waiters,1
waiting-room,1
waived,1
wake,1
waking,1
walking-stick,1
waltzes,1
waning,1
war,1
wares,1
warfare,1
warily,1
warm-hearted,1
warmed,1
warmth,1
warned,1
washed,1
washing,1
watch-chain,1
water-carafe,1
water-jug,1
waterhouse,1
wave,1
waving,1
wax,1
wax-plants,1
wayward,1
we'd,1
we're,1
weak,1
weakness,1
weariness,1
wearisome,1
wears,1
weary-looking,1
wedding-cake,1
wedge,1
weighing,1
weighted,1
welcomed,1
well-cut,1
well-fed,1
well-filled,1
well-laden,1
well-meaning,1
western,1
wheels—for,1
wheezing,1
wheezy,1
whelp,1
whereas,1
wherefore,1
whimpering,1
whining,1
whipper-snappers,1
whisper,1
whispering,1
whistled,1
whit-monday,1
white-shaded,1
whitening,1
whites,1
whither,1
wicklow,1
wide-brimmed,1
widely,1
widow,1
wifely,1
wig—eh,1
wildly,1
wilful,1
wilkins,1
willingly,1
window-panes,1
windy,1
wine-glass,1
wine-merchant,1
winetavern,1
wing,1
wings,1
winnowed,1
wintry,1
wisdom,1
wishes,1
wistful,1
wit,1
withdrawn,1
withdrew,1
wither,1
withheld,1
with—irish,1
with——,1
witnessed,1
witticism,1
wizen-faced,1
wizened,1
woe,1
won't,1
wood,1
woolly,1
wools,1
wording,1
wordsworth,1
working-classes,1
workingmen,1
work—a,1
worldlings,1
worlds,1
worm,1
worms,1
worn,1
worship,1
wound,1
wraps,1
wrecks,1
wretches,1
wringing,1
wrinkled,1
wrinkles,1
wrinkling,1
wrist,1
wrists,1
writes,1
wrote—do,1
wry,1
xiii,1
ya,1
yachting,1
yahoos,1
yawning,1
yellowing,1
yerra,1
yield,1
yielding,1
youngest,1
youngster,1
yours,1
yous,1
you—know—nothing,1
zarathustra,1
zeal,1
—i've,1
—the,1
—thousands,1
